Epoch,Host_Propellant_PSI,Host_Bus_Voltage,Host_Heartbeat_ms,ARB_Gyro_Mag,ARB_Temp_C,Target_Status
1,299.48,28.37,16,0.01,16.24,Nominal
2,300.37,28.59,15,0.014,16.22,Nominal
3,300.45,28.55,19,0.013,14.55,Nominal
4,298.99,28.22,17,0.005,15.19,Nominal
5,299.31,28.72,14,0.013,13.14,Nominal
6,300.01,28.48,14,0.005,15.1,Nominal
7,299.78,28.28,15,0.003,14.21,Nominal
8,299.92,28.74,13,0.009,14.81,Nominal
9,299.49,28.63,17,0.012,13.31,Nominal
10,300.35,28.25,15,0.002,15.4,Nominal
11,300.29,28.86,15,0.014,13.3,Nominal
12,299.92,28.63,16,0.014,15.15,Nominal
13,300.44,28.5,18,0.01,13.77,Nominal
14,300.1,28.82,15,0.006,14.15,Nominal
15,299.43,28.53,14,0.005,16.15,Nominal
16,300.03,28.49,18,0.015,15.59,Nominal
17,299.36,28.37,16,0.002,16.15,Nominal
18,300.27,28.62,14,0.015,16.56,Nominal
19,299.79,28.6,15,0.009,14.23,Nominal
20,299.72,28.5,15,0.01,16.5,Nominal
21,299.46,28.34,15,0.001,13.53,Nominal
22,300.4,28.53,12,0.009,15.75,Nominal
23,299.7,28.49,11,0.013,14.51,Nominal
24,299.56,28.23,13,0.003,14.07,Nominal
25,299.58,28.21,13,0.012,15.61,Nominal
26,300.02,28.61,13,0.01,15.94,Nominal
27,299.92,27.98,16,0.007,15.92,Nominal
28,299.94,28.54,14,0.014,15.21,Nominal
29,299.94,28.4,15,0.001,15.13,Nominal
30,300.78,28.76,12,0.012,15.53,Nominal
31,299.5,28.4,14,0.018,15.3,Nominal
32,299.43,28.63,16,0.017,15.54,Nominal
33,299.27,28.42,16,0.012,15.2,Nominal
34,299.98,28.52,13,0.008,15.84,Nominal
35,300.22,28.65,15,0.007,13.37,Nominal
36,299.59,28.41,19,0.008,14.87,Nominal
37,299.22,28.7,14,0.013,13.62,Nominal
38,299.22,28.3,13,0.006,15.28,Nominal
39,299.95,28.56,14,0.014,16.64,Nominal
40,299.98,28.68,15,0.021,14.53,Nominal
41,299.87,28.63,14,0.01,15.13,Nominal
42,299.26,28.88,14,0.003,15.76,Nominal
43,299.7,28.35,12,0.003,12.93,Nominal
44,299.63,28.22,13,0.014,14.48,Nominal
45,299.67,28.3,14,0.01,15.36,Nominal
46,299.99,28.63,14,0.014,12.1,Nominal
47,299.65,28.6,13,0.007,14.02,Nominal
48,299.87,28.52,14,0.014,16.1,Nominal
49,299.55,28.28,15,0.009,16.0,Nominal
50,299.65,28.65,16,0.006,15.37,Nominal
51,299.82,28.26,14,0.008,15.88,Nominal
52,298.76,28.73,15,0.004,15.22,Nominal
53,299.32,29.07,13,0.02,15.56,Nominal
54,299.23,28.57,16,0.01,14.68,Nominal
55,299.14,28.62,15,0.013,15.12,Nominal
56,299.31,28.4,16,0.007,14.37,Nominal
57,300.19,28.14,16,0.005,16.26,Nominal
58,299.0,28.38,16,0.009,16.52,Nominal
59,299.9,28.28,14,0.016,16.38,Nominal
60,298.57,28.21,15,0.007,14.59,Nominal
61,299.23,28.84,17,0.006,14.05,Nominal
62,299.47,28.55,13,0.011,16.28,Nominal
63,299.67,28.58,13,0.012,15.54,Nominal
64,299.73,28.44,15,0.018,15.33,Nominal
65,299.76,28.47,15,0.012,14.37,Nominal
66,299.18,28.69,13,0.013,15.43,Nominal
67,299.11,28.49,14,0.014,13.91,Nominal
68,299.76,28.61,14,0.004,15.63,Nominal
69,299.22,28.46,10,0.005,16.38,Nominal
70,298.67,28.43,14,0.005,16.63,Nominal
71,298.73,28.22,14,0.003,15.71,Nominal
72,298.83,28.1,14,0.014,13.62,Nominal
73,299.53,28.45,17,0.011,15.2,Nominal
74,299.34,28.51,12,0.01,17.14,Nominal
75,299.6,28.24,13,0.003,14.13,Nominal
76,299.04,28.49,9,0.02,14.94,Nominal
77,299.32,28.51,14,0.006,16.41,Nominal
78,299.54,28.07,14,0.02,15.62,Nominal
79,299.06,28.32,13,0.003,17.48,Nominal
80,299.44,28.58,17,0.006,14.27,Nominal
81,298.87,28.58,16,0.001,14.01,Nominal
82,299.01,28.27,15,0.012,16.22,Nominal
83,298.99,28.53,14,0.004,13.8,Nominal
84,298.57,28.7,17,0.005,14.8,Nominal
85,299.4,28.66,14,0.003,14.93,Nominal
86,298.91,28.48,13,0.014,16.04,Nominal
87,299.15,28.41,11,0.014,15.61,Nominal
88,299.37,28.37,14,0.019,15.46,Nominal
89,299.34,28.59,16,0.007,14.6,Nominal
90,299.44,28.54,19,0.011,16.22,Nominal
91,299.05,28.63,15,0.004,19.03,Nominal
92,298.88,28.53,13,0.008,15.69,Nominal
93,299.04,28.66,12,0.007,15.1,Nominal
94,298.23,28.52,16,0.012,13.7,Nominal
95,298.34,28.66,11,0.015,14.36,Nominal
96,298.39,28.67,16,0.015,14.79,Nominal
97,298.54,28.34,16,0.006,14.47,Nominal
98,299.23,28.14,15,0.015,14.98,Nominal
99,298.57,28.81,14,0.01,16.78,Nominal
100,298.82,28.55,16,0.008,16.25,Nominal
101,299.65,28.16,15,0.006,14.84,Nominal
102,298.81,28.36,13,0.007,13.79,Nominal
103,299.35,28.65,18,0.019,16.34,Nominal
104,298.5,28.44,14,0.012,14.95,Nominal
105,298.86,28.4,16,0.011,13.27,Nominal
106,298.47,28.78,10,0.009,15.71,Nominal
107,298.77,28.29,17,0.022,16.03,Nominal
108,299.35,28.34,17,0.017,12.57,Nominal
109,298.06,28.54,15,0.006,14.18,Nominal
110,299.13,28.58,16,0.009,14.89,Nominal
111,299.02,28.6,16,0.009,15.73,Nominal
112,298.59,28.68,13,0.011,14.48,Nominal
113,298.16,28.54,16,0.006,14.17,Nominal
114,298.91,28.6,13,0.012,15.73,Nominal
115,298.59,28.45,13,0.017,14.53,Nominal
116,298.97,28.51,17,0.003,15.54,Nominal
117,298.85,28.52,16,0.004,13.89,Nominal
118,299.63,28.54,13,0.008,13.65,Nominal
119,298.7,28.65,13,0.008,15.76,Nominal
120,298.3,28.61,13,0.02,15.25,Nominal
121,298.89,28.51,16,0.015,15.92,Nominal
122,298.9,28.34,13,0.015,14.47,Nominal
123,299.46,28.51,15,0.009,14.2,Nominal
124,299.19,28.49,16,0.009,16.36,Nominal
125,298.94,28.54,14,0.003,13.48,Nominal
126,299.48,28.94,17,0.014,16.25,Nominal
127,298.14,28.4,14,0.012,16.32,Nominal
128,298.41,28.58,14,0.016,15.86,Nominal
129,298.26,28.71,13,0.009,14.31,Nominal
130,298.51,28.52,17,0.009,14.18,Nominal
131,298.01,28.97,13,0.011,14.79,Nominal
132,299.01,28.42,15,0.014,13.7,Nominal
133,298.57,28.56,14,0.003,14.04,Nominal
134,297.93,28.34,12,0.014,15.64,Nominal
135,298.15,28.43,13,0.01,15.65,Nominal
136,298.81,28.55,17,0.005,13.95,Nominal
137,299.06,28.67,15,0.0,15.68,Nominal
138,299.63,28.56,12,0.009,15.45,Nominal
139,300.08,28.75,15,0.017,16.51,Nominal
140,298.82,28.48,14,0.018,15.57,Nominal
141,298.1,28.43,21,0.012,16.06,Nominal
142,297.52,29.04,15,0.02,15.48,Nominal
143,298.71,28.58,14,0.01,15.98,Nominal
144,298.16,28.36,17,0.015,13.71,Nominal
145,298.35,28.36,11,0.008,14.88,Nominal
146,298.24,28.31,15,0.007,14.96,Nominal
147,298.47,28.69,18,0.007,14.76,Nominal
148,299.06,28.43,14,0.0,15.44,Nominal
149,298.6,28.53,11,0.016,15.63,Nominal
150,298.43,28.49,14,0.007,15.39,Nominal
151,297.98,28.65,17,0.006,14.82,Nominal
152,297.65,28.33,15,0.004,14.26,Nominal
153,298.24,28.28,13,0.009,16.1,Nominal
154,298.44,28.54,13,0.019,15.35,Nominal
155,299.34,28.62,13,0.02,13.98,Nominal
156,298.51,28.57,15,0.002,14.81,Nominal
157,298.93,28.34,17,0.008,13.26,Nominal
158,298.18,28.64,17,0.005,15.04,Nominal
159,297.83,28.35,15,0.015,14.8,Nominal
160,297.93,28.4,12,0.011,14.43,Nominal
161,298.04,28.31,12,0.007,16.58,Nominal
162,299.45,28.76,16,0.01,13.84,Nominal
163,297.97,28.63,12,0.008,15.71,Nominal
164,298.79,28.62,14,0.018,17.19,Nominal
165,297.91,28.75,15,0.013,16.08,Nominal
166,298.81,29.06,12,0.013,14.97,Nominal
167,298.53,28.16,12,0.003,13.87,Nominal
168,298.25,28.35,14,0.01,13.64,Nominal
169,298.3,28.38,16,0.02,14.59,Nominal
170,297.98,28.33,17,0.017,14.31,Nominal
171,298.52,28.28,16,0.001,14.28,Nominal
172,298.06,28.44,15,0.008,14.67,Nominal
173,297.67,28.26,13,0.004,14.9,Nominal
174,297.63,28.57,12,0.019,15.49,Nominal
175,298.35,28.51,13,0.011,13.76,Nominal
176,299.04,28.6,15,0.006,14.32,Nominal
177,298.32,28.6,15,0.01,14.84,Nominal
178,298.17,28.62,10,0.003,14.8,Nominal
179,298.36,28.43,13,0.005,16.84,Nominal
180,298.86,28.92,17,0.01,15.23,Nominal
181,298.31,28.55,15,0.014,13.39,Nominal
182,297.98,28.13,12,0.0,15.42,Nominal
183,298.73,28.3,19,0.008,15.55,Nominal
184,298.38,28.15,14,0.015,14.87,Nominal
185,298.93,28.5,15,0.003,13.79,Nominal
186,298.24,28.48,15,0.011,16.76,Nominal
187,297.53,28.41,14,0.01,13.93,Nominal
188,297.44,28.9,13,0.019,15.66,Nominal
189,298.94,28.61,19,0.009,15.2,Nominal
190,298.97,28.65,17,0.009,15.6,Nominal
191,298.01,28.31,16,0.014,16.71,Nominal
192,297.9,28.3,16,0.003,15.56,Nominal
193,298.81,28.51,12,0.009,14.44,Nominal
194,297.52,28.53,17,0.008,16.11,Nominal
195,297.61,28.13,13,0.009,14.37,Nominal
196,298.37,28.46,15,0.014,15.16,Nominal
197,297.84,28.5,11,0.013,13.71,Nominal
198,298.03,28.46,10,0.006,13.97,Nominal
199,297.94,28.34,15,0.011,15.05,Nominal
200,298.18,28.39,13,0.017,15.37,Nominal
201,298.7,28.46,11,0.006,13.3,Nominal
202,298.03,28.52,16,0.011,15.5,Nominal
203,298.3,28.62,19,0.009,14.18,Nominal
204,296.94,28.72,17,0.01,16.28,Nominal
205,297.93,28.44,14,0.002,14.65,Nominal
206,297.53,28.41,15,0.017,13.88,Nominal
207,297.33,28.59,16,0.006,15.08,Nominal
208,297.49,28.62,17,0.015,14.08,Nominal
209,297.75,28.41,14,0.007,16.27,Nominal
210,298.37,28.66,15,0.007,15.0,Nominal
211,297.24,28.7,15,0.016,14.85,Nominal
212,297.9,28.76,16,0.015,15.59,Nominal
213,297.64,28.86,14,0.011,14.0,Nominal
214,297.71,28.33,14,0.014,13.71,Nominal
215,298.36,28.5,17,0.009,15.41,Nominal
216,298.12,28.5,17,0.01,13.9,Nominal
217,298.51,28.48,15,0.007,13.9,Nominal
218,297.75,28.37,18,0.015,15.84,Nominal
219,297.47,28.2,14,0.007,15.53,Nominal
220,297.7,28.52,18,0.017,13.75,Nominal
221,297.92,28.35,16,0.008,14.38,Nominal
222,297.88,28.52,21,0.01,14.1,Nominal
223,297.24,28.34,12,0.014,16.78,Nominal
224,297.81,28.28,13,0.01,15.91,Nominal
225,297.87,28.55,15,0.009,14.58,Nominal
226,299.01,28.53,15,0.01,15.58,Nominal
227,298.68,28.62,18,0.014,13.64,Nominal
228,297.3,28.94,13,0.007,14.33,Nominal
229,297.58,28.56,16,0.009,15.1,Nominal
230,296.98,28.6,17,0.01,15.45,Nominal
231,297.4,28.28,16,0.014,14.9,Nominal
232,297.85,28.24,13,0.01,15.25,Nominal
233,298.28,28.82,17,0.019,15.08,Nominal
234,297.3,28.32,17,0.009,14.84,Nominal
235,297.33,28.29,16,0.009,14.7,Nominal
236,296.58,28.49,15,0.009,14.57,Nominal
237,297.56,28.48,15,0.003,15.23,Nominal
238,297.1,28.32,14,0.005,15.41,Nominal
239,297.35,28.44,16,0.007,15.2,Nominal
240,297.17,28.75,15,0.016,13.82,Nominal
241,297.55,28.34,13,0.01,14.0,Nominal
242,296.71,28.22,12,0.008,15.4,Nominal
243,296.85,28.69,13,0.016,16.47,Nominal
244,298.63,28.6,15,0.018,15.15,Nominal
245,296.92,28.38,14,0.016,14.59,Nominal
246,297.0,28.18,15,0.006,15.22,Nominal
247,298.46,28.35,16,0.008,13.86,Nominal
248,298.98,28.49,13,0.019,16.31,Nominal
249,296.93,28.73,17,0.011,15.19,Nominal
250,297.32,28.29,14,0.009,14.33,Nominal
251,297.67,28.48,14,0.014,14.83,Nominal
252,298.35,28.64,15,0.015,14.47,Nominal
253,296.99,28.02,11,0.007,16.31,Nominal
254,297.35,28.71,13,0.011,14.8,Nominal
255,297.85,28.26,16,0.015,15.16,Nominal
256,297.67,28.57,11,0.004,15.57,Nominal
257,297.25,28.55,17,0.01,14.26,Nominal
258,297.36,28.72,18,0.004,15.19,Nominal
259,296.73,28.61,14,0.005,15.27,Nominal
260,297.29,28.02,15,0.007,13.45,Nominal
261,297.27,28.34,17,0.012,15.25,Nominal
262,297.5,28.53,14,0.008,14.95,Nominal
263,297.1,28.46,16,0.007,15.13,Nominal
264,297.6,28.6,13,0.01,15.04,Nominal
265,297.87,28.66,14,0.004,15.26,Nominal
266,297.43,28.62,13,0.012,16.34,Nominal
267,297.51,28.46,15,0.016,13.82,Nominal
268,297.36,28.13,17,0.01,14.66,Nominal
269,297.32,28.41,14,0.009,15.67,Nominal
270,296.95,28.58,12,0.012,15.48,Nominal
271,297.46,28.28,12,0.0,15.46,Nominal
272,297.24,28.63,15,0.013,17.75,Nominal
273,298.33,28.68,18,0.026,15.61,Nominal
274,298.06,28.53,15,0.009,16.13,Nominal
275,297.45,27.89,14,0.009,14.69,Nominal
276,296.87,28.24,16,0.014,14.01,Nominal
277,296.68,28.88,14,0.018,14.69,Nominal
278,297.82,28.39,14,0.015,15.71,Nominal
279,297.35,28.1,13,0.001,15.41,Nominal
280,297.45,28.75,17,0.013,15.4,Nominal
281,296.33,28.5,9,0.023,14.79,Nominal
282,297.65,28.72,16,0.013,14.63,Nominal
283,297.41,28.56,14,0.004,14.82,Nominal
284,296.61,28.59,14,0.011,15.72,Nominal
285,296.92,28.57,18,0.004,15.84,Nominal
286,297.28,28.64,13,0.016,13.99,Nominal
287,297.16,28.96,13,0.005,15.76,Nominal
288,296.98,28.69,14,0.01,14.35,Nominal
289,297.07,28.18,15,0.006,15.47,Nominal
290,296.98,28.59,14,0.007,14.81,Nominal
291,297.17,28.73,11,0.017,16.57,Nominal
292,297.82,28.74,13,0.011,14.58,Nominal
293,295.8,28.41,17,0.007,15.18,Nominal
294,296.95,28.73,15,0.004,15.61,Nominal
295,297.15,28.69,15,0.001,14.13,Nominal
296,297.2,29.01,14,0.004,14.93,Nominal
297,296.85,28.35,13,0.011,14.73,Nominal
298,296.15,28.4,18,0.015,14.49,Nominal
299,297.18,28.44,14,0.007,14.56,Nominal
300,297.87,28.4,14,0.018,16.11,Nominal
301,296.23,28.32,17,0.006,14.4,Nominal
302,297.42,27.95,13,0.009,15.57,Nominal
303,296.81,28.41,13,0.005,15.31,Nominal
304,296.94,28.57,15,0.015,13.6,Nominal
305,296.43,28.4,15,0.02,15.52,Nominal
306,296.78,28.89,15,0.001,13.59,Nominal
307,297.59,28.5,19,0.008,15.63,Nominal
308,297.22,28.76,15,0.016,14.49,Nominal
309,297.78,28.55,10,0.003,15.01,Nominal
310,297.5,28.67,15,0.013,13.71,Nominal
311,297.12,28.56,15,0.016,15.12,Nominal
312,297.76,28.77,15,0.01,15.93,Nominal
313,297.1,28.51,15,0.013,14.19,Nominal
314,297.28,28.6,14,0.019,14.39,Nominal
315,296.71,28.57,14,0.02,15.45,Nominal
316,296.88,28.44,16,0.01,15.48,Nominal
317,296.49,28.58,13,0.007,12.57,Nominal
318,297.32,28.95,13,0.005,17.02,Nominal
319,296.23,28.45,21,0.015,15.53,Nominal
320,297.2,28.58,13,0.003,15.7,Nominal
321,296.7,28.75,15,0.009,14.86,Nominal
322,297.37,28.73,12,0.011,13.14,Nominal
323,297.15,28.5,15,0.007,15.67,Nominal
324,297.68,28.02,13,0.011,14.43,Nominal
325,297.12,28.6,14,0.023,15.54,Nominal
326,295.96,28.06,17,0.009,14.78,Nominal
327,296.7,28.79,15,0.008,15.24,Nominal
328,296.14,28.53,16,0.015,14.23,Nominal
329,296.46,28.7,11,0.011,15.86,Nominal
330,297.46,28.32,18,0.017,13.81,Nominal
331,297.02,28.19,12,0.011,17.25,Nominal
332,296.34,28.55,18,0.009,17.24,Nominal
333,296.17,28.49,17,0.001,16.63,Nominal
334,296.68,28.4,16,0.002,16.28,Nominal
335,296.05,28.52,13,0.001,14.92,Nominal
336,296.31,29.05,15,0.012,16.17,Nominal
337,296.79,28.67,14,0.003,14.9,Nominal
338,297.21,28.71,15,0.016,13.45,Nominal
339,296.92,28.67,14,0.01,16.5,Nominal
340,295.46,28.8,10,0.009,16.13,Nominal
341,296.75,28.46,17,0.006,14.97,Nominal
342,296.62,28.09,14,0.013,13.77,Nominal
343,296.79,28.46,14,0.006,14.41,Nominal
344,297.38,28.66,13,0.005,13.18,Nominal
345,295.53,28.31,15,0.016,15.95,Nominal
346,296.25,28.46,13,0.012,13.4,Nominal
347,296.83,28.36,10,0.009,15.29,Nominal
348,295.74,28.8,15,0.013,14.16,Nominal
349,297.26,28.65,16,0.01,13.57,Nominal
350,296.69,28.63,14,0.012,15.24,Nominal
351,296.92,28.62,12,0.006,14.67,Nominal
352,296.2,28.49,15,0.02,15.84,Nominal
353,296.89,28.54,12,0.007,13.73,Nominal
354,297.0,28.26,12,0.018,14.24,Nominal
355,296.57,28.06,13,0.009,12.61,Nominal
356,296.57,28.53,16,0.014,12.82,Nominal
357,296.57,28.56,14,0.014,16.8,Nominal
358,296.0,28.74,14,0.016,17.08,Nominal
359,296.34,28.81,18,0.006,15.09,Nominal
360,296.33,28.81,15,0.015,14.18,Nominal
361,296.59,28.3,15,0.019,14.7,Nominal
362,296.89,28.43,14,0.009,15.87,Nominal
363,295.85,28.6,13,0.01,14.49,Nominal
364,296.31,29.01,10,0.007,15.24,Nominal
365,297.1,28.8,16,0.008,14.99,Nominal
366,295.98,28.72,15,0.019,14.43,Nominal
367,295.93,28.42,14,0.005,14.47,Nominal
368,296.43,28.32,14,0.005,15.29,Nominal
369,296.74,28.66,16,0.018,14.02,Nominal
370,296.31,28.28,11,0.013,15.45,Nominal
371,296.96,28.45,13,0.021,14.53,Nominal
372,296.72,28.48,12,0.008,15.13,Nominal
373,296.7,28.82,18,0.011,16.38,Nominal
374,296.55,28.43,16,0.007,14.83,Nominal
375,297.42,28.01,10,0.011,15.92,Nominal
376,296.15,28.6,11,0.001,13.21,Nominal
377,295.24,28.36,14,0.013,14.53,Nominal
378,297.03,28.51,14,0.012,15.03,Nominal
379,295.99,28.48,12,0.01,16.92,Nominal
380,296.26,28.45,18,0.008,13.04,Nominal
381,296.85,28.66,15,0.006,14.9,Nominal
382,295.39,28.19,15,0.014,16.46,Nominal
383,295.55,28.4,13,0.004,14.21,Nominal
384,295.37,28.64,16,0.013,14.79,Nominal
385,295.76,28.38,14,0.02,15.33,Nominal
386,296.37,28.18,14,0.017,15.18,Nominal
387,296.4,28.63,16,0.002,16.57,Nominal
388,296.27,28.72,11,0.007,15.45,Nominal
389,295.41,28.49,18,0.012,16.33,Nominal
390,294.95,28.11,15,0.01,14.64,Nominal
391,296.13,28.64,17,0.003,14.26,Nominal
392,295.85,28.17,12,0.012,14.77,Nominal
393,296.31,28.56,13,0.01,13.84,Nominal
394,296.42,28.32,12,0.02,15.48,Nominal
395,296.13,28.27,15,0.009,14.61,Nominal
396,296.43,28.41,15,0.016,14.33,Nominal
397,296.15,28.46,14,0.004,15.5,Nominal
398,296.29,28.37,12,0.005,13.86,Nominal
399,295.67,28.62,12,0.014,15.77,Nominal
400,295.92,28.41,14,0.015,14.52,Nominal
401,296.1,28.7,14,0.005,16.16,Nominal
402,296.4,28.56,13,0.01,14.61,Nominal
403,295.78,28.36,18,0.003,15.63,Nominal
404,296.23,28.33,14,0.009,15.18,Nominal
405,295.83,28.17,17,0.014,15.74,Nominal
406,295.89,28.56,13,0.008,15.11,Nominal
407,296.35,28.43,15,0.009,13.34,Nominal
408,294.93,28.03,14,0.004,16.01,Nominal
409,295.27,28.39,11,0.007,14.91,Nominal
410,295.17,28.32,17,0.019,15.79,Nominal
411,294.73,28.82,14,0.01,15.69,Nominal
412,295.55,28.16,16,0.005,14.23,Nominal
413,296.25,28.21,13,0.008,14.09,Nominal
414,295.73,28.72,14,0.002,15.66,Nominal
415,295.96,28.77,13,0.005,14.7,Nominal
416,296.39,28.35,17,0.017,15.94,Nominal
417,296.5,28.37,15,0.009,14.82,Nominal
418,295.79,28.62,15,0.019,16.02,Nominal
419,296.49,28.03,17,0.01,15.42,Nominal
420,295.85,28.13,17,0.01,15.29,Nominal
421,295.38,28.44,16,0.013,14.63,Nominal
422,295.49,28.81,12,0.003,15.23,Nominal
423,295.04,28.41,13,0.011,16.19,Nominal
424,295.32,28.52,12,0.01,14.95,Nominal
425,295.58,28.73,16,0.017,15.53,Nominal
426,296.15,28.92,15,0.015,15.05,Nominal
427,296.6,28.38,12,0.004,15.12,Nominal
428,295.04,28.5,14,0.016,16.72,Nominal
429,295.91,28.86,12,0.009,16.2,Nominal
430,295.19,28.2,14,0.005,15.08,Nominal
431,295.94,28.71,11,0.011,15.21,Nominal
432,295.62,28.3,16,0.009,14.3,Nominal
433,294.76,28.52,15,0.018,14.83,Nominal
434,296.13,28.45,18,0.012,15.31,Nominal
435,295.36,28.31,16,0.011,15.85,Nominal
436,295.38,28.3,14,0.015,15.75,Nominal
437,295.1,28.56,16,0.015,13.89,Nominal
438,295.3,28.7,12,0.014,15.98,Nominal
439,295.83,28.47,13,0.017,14.91,Nominal
440,295.51,28.51,15,0.013,14.01,Nominal
441,295.76,28.61,10,0.011,16.34,Nominal
442,295.77,28.31,14,0.016,16.46,Nominal
443,296.24,28.65,12,0.01,15.26,Nominal
444,295.4,28.66,15,0.01,15.71,Nominal
445,294.82,29.02,12,0.019,15.77,Nominal
446,296.08,28.42,15,0.018,16.4,Nominal
447,295.37,28.41,15,0.01,15.73,Nominal
448,296.09,28.65,17,0.008,13.67,Nominal
449,295.71,28.66,15,0.017,17.01,Nominal
450,295.44,28.39,13,0.014,16.07,Nominal
451,295.67,28.42,14,0.012,14.49,Nominal
452,296.46,28.61,12,0.008,13.97,Nominal
453,296.52,28.33,15,0.012,15.5,Nominal
454,295.5,28.42,16,0.01,14.72,Nominal
455,295.54,28.52,19,0.007,15.33,Nominal
456,295.99,28.7,13,0.011,15.74,Nominal
457,295.01,28.38,14,0.011,14.43,Nominal
458,295.59,28.13,13,0.008,13.88,Nominal
459,295.4,28.12,15,0.015,15.39,Nominal
460,295.56,28.25,15,0.016,14.47,Nominal
461,294.98,28.24,14,0.015,15.15,Nominal
462,294.59,28.47,17,0.009,13.66,Nominal
463,294.34,28.26,13,0.014,14.75,Nominal
464,294.81,28.36,16,0.01,15.71,Nominal
465,295.13,28.35,16,0.004,15.61,Nominal
466,295.2,28.41,14,0.013,14.21,Nominal
467,296.31,28.76,14,0.011,13.83,Nominal
468,295.88,28.63,19,0.023,15.02,Nominal
469,294.84,28.5,13,0.017,15.56,Nominal
470,295.48,28.41,15,0.014,15.41,Nominal
471,295.09,28.41,13,0.011,14.49,Nominal
472,295.15,28.57,18,0.011,15.3,Nominal
473,295.37,28.62,16,0.005,16.5,Nominal
474,295.58,28.32,13,0.001,15.21,Nominal
475,295.09,28.51,16,0.006,13.37,Nominal
476,295.78,28.09,15,0.01,15.2,Nominal
477,294.67,28.54,13,0.001,17.04,Nominal
478,295.23,28.65,16,0.007,13.71,Nominal
479,296.52,28.44,15,0.009,15.03,Nominal
480,295.32,28.86,15,0.009,14.77,Nominal
481,295.91,28.32,14,0.007,15.1,Nominal
482,295.23,28.54,15,0.008,15.19,Nominal
483,295.47,28.49,15,0.019,16.14,Nominal
484,295.14,28.48,15,0.013,15.08,Nominal
485,295.07,28.48,13,0.007,16.28,Nominal
486,294.76,28.52,18,0.01,14.88,Nominal
487,295.35,28.67,12,0.01,14.65,Nominal
488,294.7,28.78,15,0.006,14.33,Nominal
489,295.45,28.5,14,0.006,13.18,Nominal
490,295.65,28.66,18,0.015,15.28,Nominal
491,295.28,28.36,13,0.008,17.05,Nominal
492,294.94,28.65,13,0.005,15.46,Nominal
493,295.3,28.35,13,0.01,15.69,Nominal
494,294.91,28.72,15,0.011,14.59,Nominal
495,295.53,28.94,12,0.0,14.76,Nominal
496,294.13,28.48,14,0.01,15.98,Nominal
497,294.87,28.06,10,0.014,17.01,Nominal
498,294.03,28.39,15,0.012,16.49,Nominal
499,294.27,28.75,13,0.021,15.81,Nominal
500,295.69,28.61,12,0.016,15.04,Nominal
501,295.45,28.55,17,0.017,15.21,Nominal
502,294.63,28.7,12,0.024,14.25,Nominal
503,294.23,28.6,16,0.014,13.55,Nominal
504,293.49,28.74,13,0.011,13.87,Nominal
505,294.69,28.68,18,0.015,15.05,Nominal
506,296.16,28.8,16,0.007,14.71,Nominal
507,295.15,28.57,12,0.011,13.53,Nominal
508,294.65,28.68,13,0.007,14.96,Nominal
509,295.15,28.44,16,0.012,14.68,Nominal
510,294.13,28.38,14,0.007,13.83,Nominal
511,294.75,28.84,14,0.007,14.63,Nominal
512,294.94,28.54,17,0.012,14.68,Nominal
513,294.83,28.66,13,0.009,14.38,Nominal
514,295.26,28.52,15,0.0,15.93,Nominal
515,295.03,28.38,16,0.003,13.1,Nominal
516,295.18,28.5,16,0.004,13.01,Nominal
517,294.49,28.79,999,0.006,20.0,ANOMALY
518,295.28,28.61,999,0.012,20.13,ANOMALY
519,295.63,28.16,999,0.011,20.46,ANOMALY
520,294.32,28.46,999,0.015,19.55,ANOMALY
521,294.35,28.86,999,0.014,19.2,ANOMALY
522,295.46,28.46,999,0.015,20.14,ANOMALY
523,294.68,28.14,999,0.013,19.74,ANOMALY
524,295.47,28.88,999,0.011,21.76,ANOMALY
525,294.54,28.64,999,0.015,19.92,ANOMALY
526,295.47,28.49,999,0.015,20.22,ANOMALY
527,294.8,28.43,999,0.012,22.78,ANOMALY
528,294.86,28.72,999,0.016,20.14,ANOMALY
529,295.5,28.39,999,0.002,20.92,ANOMALY
530,294.53,28.73,999,0.009,21.04,ANOMALY
531,294.23,28.61,999,0.008,21.16,ANOMALY
532,294.46,28.55,999,0.016,20.74,ANOMALY
533,294.9,28.53,999,0.018,20.68,ANOMALY
534,293.88,28.47,999,0.003,20.62,ANOMALY
535,294.98,28.71,999,0.017,19.97,ANOMALY
536,294.38,28.33,999,0.004,20.9,ANOMALY
537,295.21,28.18,999,0.004,22.64,ANOMALY
538,293.43,28.62,999,0.009,21.85,ANOMALY
539,294.22,28.63,999,0.008,20.97,ANOMALY
540,293.76,28.6,999,0.002,21.55,ANOMALY
541,294.18,28.58,999,0.013,19.86,ANOMALY
542,294.71,28.44,999,0.013,20.5,ANOMALY
543,294.49,28.66,999,0.015,21.74,ANOMALY
544,294.44,28.49,999,0.008,22.31,ANOMALY
545,294.48,28.4,999,0.01,20.08,ANOMALY
546,294.65,28.44,999,0.01,20.4,ANOMALY
547,294.03,28.9,999,0.018,23.09,ANOMALY
548,294.88,28.15,999,0.004,21.04,ANOMALY
549,294.85,28.6,999,0.005,22.79,ANOMALY
550,294.7,28.16,999,0.01,21.21,ANOMALY
551,294.78,28.48,999,0.005,21.28,ANOMALY
552,294.64,28.41,999,0.009,20.76,ANOMALY
553,295.49,28.08,999,0.009,22.03,ANOMALY
554,294.42,28.58,999,0.007,22.48,ANOMALY
555,294.3,28.42,999,0.01,20.12,ANOMALY
556,294.07,28.08,999,0.013,20.83,ANOMALY
557,293.92,28.67,999,0.009,22.13,ANOMALY
558,293.8,28.79,999,0.008,21.11,ANOMALY
559,293.97,28.8,999,0.009,20.78,ANOMALY
560,294.37,28.57,999,0.01,22.31,ANOMALY
561,294.56,28.51,999,0.001,22.44,ANOMALY
562,294.41,28.77,999,0.012,20.92,ANOMALY
563,293.99,28.84,999,0.008,21.61,ANOMALY
564,294.82,28.73,999,0.016,20.22,ANOMALY
565,294.73,28.31,999,0.013,20.56,ANOMALY
566,294.27,28.54,999,0.016,21.61,ANOMALY
567,294.01,28.59,999,0.005,21.55,ANOMALY
568,294.6,28.14,999,0.008,20.58,ANOMALY
569,294.41,28.59,999,0.004,20.86,ANOMALY
570,293.58,28.95,999,0.006,20.54,ANOMALY
571,294.26,28.63,999,0.016,22.09,ANOMALY
572,294.42,28.79,999,0.017,19.7,ANOMALY
573,293.83,28.54,999,0.004,20.69,ANOMALY
574,294.36,28.49,999,0.008,19.87,ANOMALY
575,293.53,28.58,999,0.01,22.18,ANOMALY
576,294.92,28.34,999,0.013,19.99,ANOMALY
577,294.86,28.31,999,0.001,21.85,ANOMALY
578,294.1,28.75,999,0.002,23.49,ANOMALY
579,294.4,28.77,999,0.012,23.55,ANOMALY
580,293.0,28.3,999,0.0,20.11,ANOMALY
581,293.62,28.69,999,0.008,22.24,ANOMALY
582,294.04,28.48,999,0.011,20.98,ANOMALY
583,293.64,28.57,999,0.012,20.81,ANOMALY
584,294.52,28.59,999,0.009,21.92,ANOMALY
585,295.16,28.7,999,0.008,23.29,ANOMALY
586,293.56,28.52,999,0.014,22.69,ANOMALY
587,293.72,28.78,999,0.011,21.41,ANOMALY
588,294.24,28.56,999,0.007,22.86,ANOMALY
589,294.92,28.62,999,0.01,19.94,ANOMALY
590,293.5,28.33,999,0.012,21.46,ANOMALY
591,294.22,28.93,999,0.019,21.42,ANOMALY
592,295.0,28.59,999,0.014,22.35,ANOMALY
593,293.25,28.64,999,0.016,22.1,ANOMALY
594,293.43,28.18,999,0.007,22.2,ANOMALY
595,293.85,28.34,999,0.007,22.19,ANOMALY
596,293.79,28.75,999,0.009,22.42,ANOMALY
597,294.44,28.56,999,0.009,22.97,ANOMALY
598,294.15,28.12,999,0.005,22.61,ANOMALY
599,293.13,28.71,999,0.016,22.2,ANOMALY
600,294.26,28.39,999,0.014,22.92,ANOMALY
601,293.71,28.78,999,0.008,23.38,ANOMALY
602,294.62,28.48,999,0.013,22.02,ANOMALY
603,293.66,28.54,999,0.011,22.55,ANOMALY
604,293.65,28.74,999,0.014,23.8,ANOMALY
605,294.23,28.32,999,0.003,21.57,ANOMALY
606,294.33,28.3,999,0.009,24.51,ANOMALY
607,294.16,28.46,999,0.01,21.39,ANOMALY
608,293.08,28.67,999,0.013,22.42,ANOMALY
609,294.19,28.23,999,0.007,21.84,ANOMALY
610,293.39,28.17,999,0.002,25.01,ANOMALY
611,294.01,28.66,999,0.005,22.35,ANOMALY
612,293.18,28.38,999,0.01,22.38,ANOMALY
613,294.1,28.42,999,0.01,22.54,ANOMALY
614,293.46,28.13,999,0.018,23.04,ANOMALY
615,293.22,28.36,999,0.013,22.65,ANOMALY
616,294.2,28.5,999,0.01,22.87,ANOMALY
617,293.96,28.69,999,0.01,19.51,ANOMALY
618,293.52,28.35,999,0.016,23.12,ANOMALY
619,294.54,28.83,999,0.007,23.11,ANOMALY
620,293.59,28.36,999,0.009,24.16,ANOMALY
621,293.81,28.36,999,0.005,24.46,ANOMALY
622,293.92,28.81,999,0.017,23.0,ANOMALY
623,293.47,28.54,999,0.012,24.03,ANOMALY
624,294.0,28.39,999,0.006,22.15,ANOMALY
625,293.49,28.47,999,0.009,24.04,ANOMALY
626,293.54,28.77,999,0.013,22.74,ANOMALY
627,294.42,28.79,999,0.009,22.15,ANOMALY
628,293.21,28.34,999,0.007,23.18,ANOMALY
629,292.51,28.49,999,0.007,24.8,ANOMALY
630,294.51,28.52,999,0.012,23.61,ANOMALY
631,294.97,28.3,999,0.008,24.96,ANOMALY
632,293.48,28.49,999,0.008,22.74,ANOMALY
633,292.71,28.5,999,0.003,24.57,ANOMALY
634,293.51,28.73,999,0.01,22.9,ANOMALY
635,293.51,28.74,999,0.009,23.81,ANOMALY
636,293.55,28.43,999,0.008,23.83,ANOMALY
637,293.08,28.46,999,0.011,24.3,ANOMALY
638,293.92,28.63,999,0.014,23.92,ANOMALY
639,293.88,28.38,999,0.014,22.96,ANOMALY
640,292.86,28.62,999,0.013,24.61,ANOMALY
641,293.95,28.48,999,0.009,25.49,ANOMALY
642,294.61,28.31,999,0.007,23.21,ANOMALY
643,293.66,28.31,999,0.005,21.99,ANOMALY
644,293.4,28.79,999,0.007,24.35,ANOMALY
645,293.49,28.47,999,0.01,23.55,ANOMALY
646,293.85,28.83,999,0.006,23.78,ANOMALY
647,292.67,28.4,999,0.01,24.5,ANOMALY
648,293.61,28.56,999,0.005,23.52,ANOMALY
649,293.32,28.98,999,0.002,23.74,ANOMALY
650,294.43,28.29,999,0.014,23.94,ANOMALY
651,293.41,28.12,999,0.008,25.54,ANOMALY
652,294.32,28.76,999,0.006,24.13,ANOMALY
653,292.92,28.33,999,0.005,22.89,ANOMALY
654,293.76,28.5,999,0.012,22.96,ANOMALY
655,293.62,28.38,999,0.017,24.33,ANOMALY
656,293.01,28.55,999,0.008,23.09,ANOMALY
657,293.53,28.31,999,0.009,22.69,ANOMALY
658,294.03,28.46,999,0.015,24.91,ANOMALY
659,293.25,28.59,999,0.001,24.99,ANOMALY
660,292.56,28.3,999,0.02,23.97,ANOMALY
661,293.39,28.36,999,0.022,24.66,ANOMALY
662,292.94,28.43,999,0.004,24.59,ANOMALY
663,293.21,28.21,999,0.01,25.03,ANOMALY
664,293.33,28.42,999,0.006,25.07,ANOMALY
665,292.5,28.52,999,0.009,21.89,ANOMALY
666,292.54,28.42,999,0.008,24.28,ANOMALY
667,293.58,28.45,999,0.014,25.07,ANOMALY
668,293.07,28.5,999,0.009,24.17,ANOMALY
669,292.03,28.37,999,0.005,24.65,ANOMALY
670,293.7,28.64,999,0.009,25.39,ANOMALY
671,293.43,28.79,999,0.013,24.75,ANOMALY
672,292.93,28.41,999,0.004,26.21,ANOMALY
673,292.62,28.6,999,0.002,25.86,ANOMALY
674,293.68,28.45,999,0.02,24.65,ANOMALY
675,293.43,28.57,999,0.007,24.6,ANOMALY
676,294.44,28.81,999,0.009,21.97,ANOMALY
677,293.45,28.6,999,0.008,24.53,ANOMALY
678,293.42,28.15,999,0.013,23.53,ANOMALY
679,293.13,28.59,999,0.019,25.14,ANOMALY
680,293.61,28.75,999,0.013,25.1,ANOMALY
681,293.51,28.46,999,0.002,25.67,ANOMALY
682,293.81,28.7,999,0.003,26.4,ANOMALY
683,292.92,28.36,999,0.008,25.01,ANOMALY
684,292.95,28.2,999,0.009,27.35,ANOMALY
685,292.92,28.53,999,0.001,25.33,ANOMALY
686,293.54,28.15,999,0.014,23.82,ANOMALY
687,293.89,28.45,999,0.005,24.6,ANOMALY
688,292.9,28.76,999,0.017,24.82,ANOMALY
689,292.9,28.12,999,0.019,25.81,ANOMALY
690,293.26,28.24,999,0.009,24.3,ANOMALY
691,292.97,28.29,999,0.012,24.98,ANOMALY
692,293.56,28.49,999,0.004,25.15,ANOMALY
693,291.95,28.43,999,0.013,24.89,ANOMALY
694,292.65,28.78,999,0.008,26.18,ANOMALY
695,292.67,28.69,999,0.005,26.04,ANOMALY
696,291.89,28.6,999,0.009,26.6,ANOMALY
697,292.55,28.53,999,0.008,25.13,ANOMALY
698,292.57,28.58,999,0.008,26.69,ANOMALY
699,292.92,28.33,999,0.015,24.16,ANOMALY
700,293.56,28.67,999,0.006,24.16,ANOMALY
701,292.87,28.28,999,0.019,24.37,ANOMALY
702,292.47,28.67,999,0.003,25.62,ANOMALY
703,292.95,28.74,999,0.018,26.85,ANOMALY
704,293.49,28.54,999,0.005,25.07,ANOMALY
705,292.47,28.46,999,0.01,25.23,ANOMALY
706,292.49,28.58,999,0.008,25.52,ANOMALY
707,293.22,27.93,999,0.008,26.34,ANOMALY
708,292.82,28.56,999,0.014,25.32,ANOMALY
709,293.24,28.48,999,0.017,25.29,ANOMALY
710,292.9,28.49,999,0.016,24.51,ANOMALY
711,293.25,28.64,999,0.008,25.31,ANOMALY
712,292.37,28.49,999,0.011,27.09,ANOMALY
713,292.87,28.27,999,0.006,26.04,ANOMALY
714,292.76,28.47,999,0.005,25.24,ANOMALY
715,292.25,28.51,999,0.004,27.24,ANOMALY
716,292.06,28.52,999,0.008,25.45,ANOMALY
717,293.18,28.53,999,0.011,27.49,ANOMALY
718,292.65,28.71,999,0.0,27.5,ANOMALY
719,292.31,28.28,999,0.01,26.19,ANOMALY
720,292.76,28.54,999,0.018,24.66,ANOMALY
721,293.36,28.76,999,0.016,28.48,ANOMALY
722,291.65,28.15,999,0.007,26.61,ANOMALY
723,292.03,28.54,999,0.003,25.93,ANOMALY
724,292.3,28.38,999,0.012,27.24,ANOMALY
725,293.49,28.43,999,0.002,27.01,ANOMALY
726,292.89,28.32,999,0.016,27.65,ANOMALY
727,293.12,28.47,999,0.009,25.71,ANOMALY
728,292.16,28.87,999,0.019,26.72,ANOMALY
729,292.16,28.25,999,0.001,25.25,ANOMALY
730,292.93,28.27,999,0.015,27.13,ANOMALY
731,292.73,28.24,999,0.009,26.47,ANOMALY
732,292.96,28.85,999,0.008,26.8,ANOMALY
733,292.58,28.41,999,0.003,26.41,ANOMALY
734,292.81,28.49,999,0.013,26.33,ANOMALY
735,292.74,28.42,999,0.013,25.75,ANOMALY
736,293.04,28.31,999,0.019,27.44,ANOMALY
737,293.04,28.45,999,0.015,28.17,ANOMALY
738,291.82,28.99,999,0.007,26.15,ANOMALY
739,291.49,28.78,999,0.005,27.29,ANOMALY
740,293.11,28.33,999,0.003,27.2,ANOMALY
741,293.19,28.63,999,0.017,26.81,ANOMALY
742,292.08,28.33,999,0.006,25.3,ANOMALY
743,291.65,28.14,999,0.017,25.56,ANOMALY
744,292.62,28.7,999,0.013,26.11,ANOMALY
745,293.02,28.73,999,0.012,24.78,ANOMALY
746,293.45,28.71,999,0.008,28.36,ANOMALY
747,292.79,28.41,999,0.013,27.35,ANOMALY
748,292.34,28.47,999,0.01,26.98,ANOMALY
749,292.07,28.65,999,0.008,24.85,ANOMALY
750,292.51,28.58,999,0.013,25.25,ANOMALY
751,292.35,28.42,999,0.009,27.1,ANOMALY
752,291.98,28.18,999,0.006,29.1,ANOMALY
753,293.5,28.52,999,0.013,26.46,ANOMALY
754,293.36,28.72,999,0.01,28.06,ANOMALY
755,293.02,28.26,999,0.012,26.74,ANOMALY
756,291.99,28.63,999,0.008,27.31,ANOMALY
757,292.86,28.57,999,0.004,28.5,ANOMALY
758,292.75,28.65,999,0.019,26.97,ANOMALY
759,292.64,28.67,999,0.018,26.65,ANOMALY
760,293.03,28.36,999,0.014,28.79,ANOMALY
761,292.71,28.18,999,0.008,27.45,ANOMALY
762,292.76,28.39,999,0.008,28.53,ANOMALY
763,292.69,28.68,999,0.017,26.78,ANOMALY
764,292.54,28.39,999,0.008,28.9,ANOMALY
765,291.46,28.36,999,0.007,27.8,ANOMALY
766,292.39,28.14,999,0.019,27.99,ANOMALY
767,292.06,28.85,999,0.01,27.72,ANOMALY
768,291.69,28.67,999,0.019,27.11,ANOMALY
769,293.16,28.65,999,0.003,27.64,ANOMALY
770,293.17,28.69,999,0.013,27.23,ANOMALY
771,292.98,28.62,999,0.02,28.67,ANOMALY
772,292.41,28.45,999,0.01,27.53,ANOMALY
773,292.95,28.47,999,0.009,26.27,ANOMALY
774,292.27,28.41,999,0.004,26.12,ANOMALY
775,292.36,29.03,999,0.015,26.1,ANOMALY
776,291.7,28.61,999,0.006,28.48,ANOMALY
777,292.43,28.41,999,0.01,26.74,ANOMALY
778,292.26,28.59,999,0.004,28.22,ANOMALY
779,291.56,28.3,999,0.018,28.09,ANOMALY
780,292.18,28.8,999,0.016,27.92,ANOMALY
781,292.16,28.37,999,0.01,28.45,ANOMALY
782,293.08,28.6,999,0.004,28.2,ANOMALY
783,292.62,28.71,999,0.018,25.36,ANOMALY
784,292.17,28.58,999,0.008,27.78,ANOMALY
785,292.28,28.52,999,0.004,28.56,ANOMALY
786,292.17,28.5,999,0.001,29.8,ANOMALY
787,292.03,28.49,999,0.007,29.88,ANOMALY
788,291.58,28.38,999,0.003,26.86,ANOMALY
789,292.04,28.41,999,0.007,27.9,ANOMALY
790,291.73,28.8,999,0.014,26.72,ANOMALY
791,291.47,28.48,999,0.008,29.83,ANOMALY
792,292.34,28.34,999,0.012,29.36,ANOMALY
793,292.27,28.4,999,0.006,28.73,ANOMALY
794,291.17,28.72,999,0.01,28.57,ANOMALY
795,291.99,28.64,999,0.02,29.82,ANOMALY
796,292.54,28.61,999,0.008,29.68,ANOMALY
797,292.57,28.45,999,0.012,29.65,ANOMALY
798,292.54,28.61,999,0.002,28.98,ANOMALY
799,292.04,28.37,999,0.018,28.21,ANOMALY
800,291.58,28.45,999,0.008,29.35,ANOMALY
801,291.45,28.69,999,0.015,29.43,ANOMALY
802,292.16,28.67,999,0.009,28.46,ANOMALY
803,292.17,28.3,999,0.013,28.33,ANOMALY
804,292.61,28.33,999,0.013,29.84,ANOMALY
805,292.51,28.52,999,0.008,30.4,ANOMALY
806,291.88,28.85,999,0.015,28.02,ANOMALY
807,291.31,28.12,999,0.006,28.54,ANOMALY
808,291.77,28.56,999,0.014,29.18,ANOMALY
809,292.02,28.22,999,0.008,29.35,ANOMALY
810,291.8,28.37,999,0.012,28.37,ANOMALY
811,291.61,28.43,999,0.008,30.8,ANOMALY
812,292.01,28.42,999,0.01,29.37,ANOMALY
813,291.62,28.39,999,0.005,29.51,ANOMALY
814,291.55,28.5,999,0.011,30.77,ANOMALY
815,292.01,28.39,999,0.01,28.59,ANOMALY
816,291.64,28.21,999,0.007,28.98,ANOMALY
817,291.96,28.66,999,0.01,27.85,ANOMALY
818,291.96,28.65,999,0.011,28.96,ANOMALY
819,291.25,28.67,999,0.007,27.67,ANOMALY
820,291.57,28.19,999,0.009,29.94,ANOMALY
821,292.51,28.56,999,0.005,29.64,ANOMALY
822,291.2,28.64,999,0.022,28.98,ANOMALY
823,290.72,28.29,999,0.015,29.18,ANOMALY
824,290.83,28.5,999,0.011,30.08,ANOMALY
825,291.77,28.48,999,0.016,28.21,ANOMALY
826,291.76,28.87,999,0.0,29.58,ANOMALY
827,291.68,28.88,999,0.003,30.11,ANOMALY
828,292.33,28.17,999,0.008,27.65,ANOMALY
829,290.38,29.0,999,0.003,30.15,ANOMALY
830,291.9,28.32,999,0.009,27.82,ANOMALY
831,292.48,28.7,999,0.011,29.41,ANOMALY
832,291.12,28.69,999,0.015,28.39,ANOMALY
833,291.49,28.3,999,0.004,31.02,ANOMALY
834,291.29,28.6,999,0.012,28.46,ANOMALY
835,291.21,28.48,999,0.01,28.0,ANOMALY
836,291.48,28.61,999,0.012,29.81,ANOMALY
837,292.35,28.55,999,0.007,29.3,ANOMALY
838,292.54,28.74,999,0.017,28.24,ANOMALY
839,291.45,28.52,999,0.009,30.3,ANOMALY
840,292.56,28.47,999,0.019,27.81,ANOMALY
841,291.61,28.72,999,0.006,28.8,ANOMALY
842,292.46,28.62,999,0.014,29.29,ANOMALY
843,291.53,28.65,999,0.01,30.69,ANOMALY
844,291.63,28.37,999,0.008,31.22,ANOMALY
845,291.74,28.29,999,0.013,31.06,ANOMALY
846,293.14,28.39,999,0.009,29.83,ANOMALY
847,291.96,28.38,999,0.003,27.59,ANOMALY
848,291.17,28.66,999,0.005,30.43,ANOMALY
849,292.0,28.7,999,0.016,31.54,ANOMALY
850,291.32,28.47,999,0.016,31.34,ANOMALY
851,291.25,28.79,999,0.019,30.6,ANOMALY
852,291.94,28.77,999,0.01,28.98,ANOMALY
853,291.49,28.55,999,0.004,29.67,ANOMALY
854,291.61,28.34,999,0.008,32.16,ANOMALY
855,291.46,28.82,999,0.01,28.84,ANOMALY
856,291.61,28.49,999,0.005,29.14,ANOMALY
857,291.65,28.53,999,0.018,31.26,ANOMALY
858,290.46,28.43,999,0.021,29.92,ANOMALY
859,291.75,28.32,999,0.012,29.2,ANOMALY
860,290.91,28.21,999,0.01,31.94,ANOMALY
861,290.67,28.63,999,0.004,30.9,ANOMALY
862,291.36,28.34,999,0.018,30.09,ANOMALY
863,291.42,29.11,999,0.01,29.35,ANOMALY
864,291.02,28.28,999,0.009,32.58,ANOMALY
865,291.77,28.25,999,0.012,30.54,ANOMALY
866,290.67,28.6,999,0.007,31.99,ANOMALY
867,291.13,28.81,999,0.011,31.51,ANOMALY
868,291.03,28.51,999,0.003,30.13,ANOMALY
869,291.29,28.61,999,0.015,30.17,ANOMALY
870,291.45,28.13,999,0.009,32.16,ANOMALY
871,290.79,28.36,999,0.016,32.2,ANOMALY
872,291.65,28.29,999,0.009,28.9,ANOMALY
873,291.31,28.12,999,0.009,31.35,ANOMALY
874,290.32,28.52,999,0.004,30.71,ANOMALY
875,290.28,28.05,999,0.014,29.83,ANOMALY
876,291.24,28.24,999,0.006,31.16,ANOMALY
877,291.13,28.39,999,0.008,29.57,ANOMALY
878,291.17,28.33,999,0.01,30.49,ANOMALY
879,291.2,28.58,999,0.011,30.19,ANOMALY
880,291.32,28.56,999,0.001,30.52,ANOMALY
881,291.67,28.68,999,0.009,30.97,ANOMALY
882,290.63,28.65,999,0.014,30.06,ANOMALY
883,290.59,28.73,999,0.008,32.68,ANOMALY
884,290.62,28.5,999,0.009,31.63,ANOMALY
885,291.3,28.56,999,0.011,32.96,ANOMALY
886,291.77,28.6,999,0.009,31.04,ANOMALY
887,290.92,28.53,999,0.005,30.68,ANOMALY
888,289.87,28.42,999,0.01,33.02,ANOMALY
889,290.26,28.43,999,0.015,30.71,ANOMALY
890,290.69,28.34,999,0.005,31.14,ANOMALY
891,290.82,28.58,999,0.008,32.07,ANOMALY
892,290.88,28.48,999,0.003,30.14,ANOMALY
893,291.09,28.37,999,0.015,32.12,ANOMALY
894,290.91,28.37,999,0.01,32.02,ANOMALY
895,291.58,28.26,999,0.006,32.74,ANOMALY
896,290.71,28.7,999,0.01,32.39,ANOMALY
897,290.6,28.52,999,0.004,32.83,ANOMALY
898,291.26,28.33,999,0.005,31.45,ANOMALY
899,290.25,28.66,999,0.003,30.73,ANOMALY
900,291.2,28.39,999,0.005,33.73,ANOMALY
901,291.05,28.22,999,0.017,30.13,ANOMALY
902,290.91,28.7,999,0.006,30.26,ANOMALY
903,291.77,28.39,999,0.012,32.28,ANOMALY
904,290.65,28.42,999,0.006,33.37,ANOMALY
905,291.99,28.51,999,0.014,31.96,ANOMALY
906,290.83,28.73,999,0.005,32.8,ANOMALY
907,290.3,28.5,999,0.01,29.84,ANOMALY
908,290.96,28.26,999,0.01,31.36,ANOMALY
909,290.38,28.61,999,0.022,30.02,ANOMALY
910,290.53,28.4,999,0.013,32.71,ANOMALY
911,291.09,28.88,999,0.007,30.41,ANOMALY
912,291.16,28.5,999,0.013,30.71,ANOMALY
913,290.56,28.05,999,0.021,32.53,ANOMALY
914,291.36,28.57,999,0.002,33.11,ANOMALY
915,291.43,28.89,999,0.006,31.92,ANOMALY
916,291.56,28.82,999,0.009,32.68,ANOMALY
917,291.1,28.87,999,0.008,32.68,ANOMALY
918,291.51,28.3,999,0.008,31.95,ANOMALY
919,289.88,28.68,999,0.003,31.1,ANOMALY
920,290.65,28.36,999,0.017,32.79,ANOMALY
921,290.36,28.54,999,0.003,32.87,ANOMALY
922,290.85,28.25,999,0.009,33.18,ANOMALY
923,290.49,28.37,999,0.015,32.63,ANOMALY
924,290.68,28.36,999,0.01,31.18,ANOMALY
925,291.7,28.68,999,0.005,33.07,ANOMALY
926,290.66,28.66,999,0.003,32.41,ANOMALY
927,290.94,28.56,999,0.009,31.96,ANOMALY
928,290.61,28.23,999,0.006,32.18,ANOMALY
929,290.75,28.44,999,0.011,31.81,ANOMALY
930,290.71,28.35,999,0.003,33.42,ANOMALY
931,290.92,28.67,999,0.014,31.14,ANOMALY
932,291.27,28.74,999,0.011,31.6,ANOMALY
933,291.5,28.71,999,0.011,32.29,ANOMALY
934,290.82,28.35,999,0.017,34.27,ANOMALY
935,290.95,27.95,999,0.008,33.74,ANOMALY
936,290.07,28.15,999,0.006,31.07,ANOMALY
937,290.59,28.78,999,0.007,34.1,ANOMALY
938,291.1,28.42,999,0.009,34.12,ANOMALY
939,291.05,28.35,999,0.01,31.63,ANOMALY
940,290.71,28.83,999,0.006,30.31,ANOMALY
941,291.04,28.75,999,0.0,32.79,ANOMALY
942,290.83,28.5,999,0.007,34.02,ANOMALY
943,291.18,28.44,999,0.012,34.52,ANOMALY
944,290.71,28.47,999,0.011,32.09,ANOMALY
945,290.38,28.55,999,0.016,34.74,ANOMALY
946,290.71,28.82,999,0.02,30.79,ANOMALY
947,289.07,28.58,999,0.014,32.68,ANOMALY
948,290.72,28.65,999,0.017,32.66,ANOMALY
949,288.69,28.73,999,0.014,34.26,ANOMALY
950,289.64,28.27,999,0.019,34.44,ANOMALY
951,290.72,28.65,999,0.019,34.12,ANOMALY
952,290.72,28.44,999,0.015,31.85,ANOMALY
953,289.89,28.0,999,0.014,34.09,ANOMALY
954,290.11,28.07,999,0.009,33.77,ANOMALY
955,291.14,28.3,999,0.01,31.62,ANOMALY
956,290.2,28.61,999,0.008,31.25,ANOMALY
957,291.56,28.52,999,0.013,34.39,ANOMALY
958,290.42,28.54,999,0.006,33.2,ANOMALY
959,290.62,28.89,999,0.009,32.13,ANOMALY
960,291.21,28.25,999,0.002,33.23,ANOMALY
961,290.46,28.49,999,0.019,33.84,ANOMALY
962,289.88,28.56,999,0.009,33.42,ANOMALY
963,290.32,28.35,999,0.012,31.98,ANOMALY
964,290.35,28.51,999,0.017,35.45,ANOMALY
965,289.67,28.18,999,0.012,34.6,ANOMALY
966,290.22,28.78,999,0.017,33.29,ANOMALY
967,289.96,28.36,999,0.004,33.36,ANOMALY
968,290.79,28.91,999,0.022,34.04,ANOMALY
969,290.33,28.49,999,0.015,32.59,ANOMALY
970,290.16,28.71,999,0.011,34.07,ANOMALY
971,290.24,28.49,999,0.017,32.45,ANOMALY
972,290.4,28.49,999,0.004,33.74,ANOMALY
973,290.58,28.38,999,0.009,32.67,ANOMALY
974,289.77,28.52,999,0.017,32.75,ANOMALY
975,289.73,28.56,999,0.001,35.54,ANOMALY
976,290.8,28.34,999,0.013,33.99,ANOMALY
977,290.03,28.47,999,0.013,34.17,ANOMALY
978,289.52,28.38,999,0.02,31.98,ANOMALY
979,290.44,28.96,999,0.002,33.42,ANOMALY
980,290.44,28.48,999,0.018,34.51,ANOMALY
981,289.43,28.81,999,0.007,34.27,ANOMALY
982,290.3,28.46,999,0.008,31.96,ANOMALY
983,290.54,28.55,999,0.004,34.35,ANOMALY
984,290.35,28.24,999,0.005,34.54,ANOMALY
985,290.47,28.41,999,0.012,35.48,ANOMALY
986,289.44,28.54,999,0.004,33.58,ANOMALY
987,290.3,28.82,999,0.014,32.02,ANOMALY
988,289.97,28.54,999,0.007,33.3,ANOMALY
989,289.87,28.78,999,0.004,33.23,ANOMALY
990,290.54,28.63,999,0.007,35.09,ANOMALY
991,290.83,28.83,999,0.012,31.67,ANOMALY
992,290.98,28.49,999,0.009,33.96,ANOMALY
993,290.73,28.98,999,0.01,35.87,ANOMALY
994,290.01,28.4,999,0.013,34.48,ANOMALY
995,290.23,28.35,999,0.015,35.4,ANOMALY
996,290.43,28.26,999,0.008,32.89,ANOMALY
997,290.1,28.97,999,0.005,32.96,ANOMALY
998,290.09,28.66,999,0.01,36.03,ANOMALY
999,290.43,28.43,999,0.012,34.73,ANOMALY
1000,289.98,28.75,999,0.003,34.76,ANOMALY
1001,289.63,28.64,999,0.006,33.57,ANOMALY
1002,289.78,28.89,999,0.006,34.82,ANOMALY
1003,290.29,28.19,999,0.009,33.6,ANOMALY
1004,289.97,28.45,999,0.006,35.96,ANOMALY
1005,290.13,28.41,999,0.014,37.54,ANOMALY
1006,290.28,28.11,999,0.002,35.32,ANOMALY
1007,289.75,28.71,999,0.002,34.23,ANOMALY
1008,290.3,28.45,999,0.008,32.37,ANOMALY
1009,290.1,28.65,999,0.009,33.24,ANOMALY
1010,289.29,28.97,999,0.003,36.51,ANOMALY
1011,290.62,28.43,999,0.007,33.96,ANOMALY
1012,289.63,28.42,999,0.008,34.65,ANOMALY
1013,289.05,28.52,999,0.008,35.71,ANOMALY
1014,289.34,28.7,999,0.011,36.56,ANOMALY
1015,289.34,28.39,999,0.007,34.91,ANOMALY
1016,289.87,28.37,999,0.017,34.74,ANOMALY
1017,289.7,28.71,999,0.012,35.24,ANOMALY
1018,289.66,28.58,999,0.006,34.57,ANOMALY
1019,290.12,28.09,999,0.01,34.66,ANOMALY
1020,289.97,28.25,999,0.011,35.67,ANOMALY
1021,289.95,28.8,999,0.016,35.48,ANOMALY
1022,289.99,28.58,999,0.007,37.46,ANOMALY
1023,290.08,28.35,999,0.014,35.79,ANOMALY
1024,288.71,28.47,999,0.01,36.54,ANOMALY
1025,289.57,28.5,999,0.017,34.34,ANOMALY
1026,288.65,28.65,999,0.016,35.97,ANOMALY
1027,289.75,28.23,999,0.011,34.75,ANOMALY
1028,289.72,28.33,999,0.009,35.9,ANOMALY
1029,290.24,28.55,999,0.013,36.22,ANOMALY
1030,290.3,28.48,999,0.009,35.62,ANOMALY
1031,289.8,28.61,999,0.018,38.0,ANOMALY
1032,289.43,28.25,999,0.01,37.06,ANOMALY
1033,289.92,28.57,999,0.008,36.83,ANOMALY
1034,289.4,28.72,999,0.008,36.45,ANOMALY
1035,289.65,28.6,999,0.004,37.48,ANOMALY
1036,290.14,28.53,999,0.013,34.31,ANOMALY
1037,289.36,28.48,999,0.006,37.15,ANOMALY
1038,290.03,28.33,999,0.015,34.82,ANOMALY
1039,289.95,28.49,999,0.004,35.28,ANOMALY
1040,289.13,28.75,999,0.011,36.43,ANOMALY
1041,290.08,28.48,999,0.016,37.13,ANOMALY
1042,289.93,28.32,999,0.001,34.78,ANOMALY
1043,289.63,28.4,999,0.02,35.45,ANOMALY
1044,289.18,28.54,999,0.008,36.09,ANOMALY
1045,289.13,28.43,999,0.011,35.84,ANOMALY
1046,289.28,28.6,999,0.013,36.91,ANOMALY
1047,289.81,28.6,999,0.014,39.52,ANOMALY
1048,289.05,28.68,999,0.011,36.53,ANOMALY
1049,289.73,28.78,999,0.015,35.41,ANOMALY
1050,288.88,28.7,999,0.013,34.88,ANOMALY
1051,289.39,28.31,999,0.019,35.88,ANOMALY
1052,289.54,28.32,999,0.013,35.29,ANOMALY
1053,290.7,28.48,999,0.02,36.73,ANOMALY
1054,288.78,28.41,999,0.015,36.75,ANOMALY
1055,290.19,28.27,999,0.001,35.86,ANOMALY
1056,289.52,28.41,999,0.023,38.34,ANOMALY
1057,289.64,28.41,999,0.007,35.65,ANOMALY
1058,289.48,28.37,999,0.017,36.3,ANOMALY
1059,289.64,28.44,999,0.01,37.09,ANOMALY
1060,289.33,28.74,999,0.015,37.37,ANOMALY
1061,290.12,28.54,999,0.007,37.78,ANOMALY
1062,289.16,28.99,999,0.013,36.97,ANOMALY
1063,289.94,28.53,999,0.009,37.62,ANOMALY
1064,289.04,28.44,999,0.018,35.93,ANOMALY
1065,289.32,28.5,999,0.012,37.55,ANOMALY
1066,288.81,28.55,999,0.015,37.56,ANOMALY
1067,289.56,28.59,999,0.001,38.2,ANOMALY
1068,290.05,28.92,999,0.01,35.05,ANOMALY
1069,289.28,28.33,999,0.012,35.84,ANOMALY
1070,289.21,28.67,999,0.011,37.6,ANOMALY
1071,288.74,28.54,999,0.015,34.16,ANOMALY
1072,289.17,28.19,999,0.008,37.33,ANOMALY
1073,288.48,28.65,999,0.01,37.93,ANOMALY
1074,288.81,28.75,999,0.016,36.33,ANOMALY
1075,289.37,28.33,999,0.001,36.5,ANOMALY
1076,289.9,28.5,999,0.013,35.89,ANOMALY
1077,290.64,28.15,999,0.008,36.47,ANOMALY
1078,288.93,28.25,999,0.005,36.53,ANOMALY
1079,289.93,28.71,999,0.012,36.37,ANOMALY
1080,289.33,28.41,999,0.016,36.35,ANOMALY
1081,289.12,28.28,999,0.015,36.84,ANOMALY
1082,289.4,28.55,999,0.009,36.86,ANOMALY
1083,289.21,28.4,999,0.014,39.05,ANOMALY
1084,289.22,28.41,999,0.014,36.81,ANOMALY
1085,288.95,28.65,999,0.01,37.58,ANOMALY
1086,288.45,28.27,999,0.007,36.69,ANOMALY
1087,288.36,28.32,999,0.007,36.71,ANOMALY
1088,289.45,28.53,999,0.014,35.62,ANOMALY
1089,288.98,28.69,999,0.01,35.79,ANOMALY
1090,288.81,28.75,999,0.005,36.18,ANOMALY
1091,289.1,28.37,999,0.002,37.6,ANOMALY
1092,289.48,28.69,999,0.014,38.52,ANOMALY
1093,289.16,28.34,999,0.007,35.69,ANOMALY
1094,288.74,28.87,999,0.012,36.96,ANOMALY
1095,289.67,28.27,999,0.016,36.17,ANOMALY
1096,289.83,28.77,999,0.003,37.3,ANOMALY
1097,289.28,28.37,999,0.01,38.68,ANOMALY
1098,289.51,28.9,999,0.009,37.18,ANOMALY
1099,289.64,28.62,999,0.012,37.61,ANOMALY
1100,289.57,28.3,999,0.016,39.15,ANOMALY
1101,289.3,28.4,999,0.003,38.18,ANOMALY
1102,289.28,28.66,999,0.013,36.99,ANOMALY
1103,289.23,28.71,999,0.015,37.94,ANOMALY
1104,288.42,28.49,999,0.009,36.98,ANOMALY
1105,289.3,28.51,999,0.009,38.26,ANOMALY
1106,288.27,28.65,999,0.012,38.39,ANOMALY
1107,288.54,28.53,999,0.012,36.54,ANOMALY
1108,289.58,28.24,999,0.013,38.11,ANOMALY
1109,289.33,28.34,999,0.013,37.85,ANOMALY
1110,289.65,28.55,999,0.005,38.54,ANOMALY
1111,288.76,28.74,999,0.015,38.86,ANOMALY
1112,288.31,28.82,999,0.016,38.53,ANOMALY
1113,288.75,28.66,999,0.011,37.78,ANOMALY
1114,288.92,28.56,999,0.003,39.05,ANOMALY
1115,288.89,28.65,999,0.009,37.27,ANOMALY
1116,289.41,28.37,999,0.011,36.86,ANOMALY
1117,288.65,28.47,999,0.004,35.01,ANOMALY
1118,289.0,28.34,999,0.008,38.17,ANOMALY
1119,288.32,28.25,999,0.003,37.45,ANOMALY
1120,289.03,28.57,999,0.013,38.7,ANOMALY
1121,288.8,28.54,999,0.011,36.36,ANOMALY
1122,288.41,28.64,999,0.002,37.71,ANOMALY
1123,288.66,28.61,999,0.012,38.86,ANOMALY
1124,288.67,28.55,999,0.01,37.39,ANOMALY
1125,288.62,28.61,999,0.013,38.86,ANOMALY
1126,289.63,28.49,999,0.008,37.92,ANOMALY
1127,288.69,28.58,999,0.006,38.48,ANOMALY
1128,288.6,28.35,999,0.006,39.14,ANOMALY
1129,287.67,28.57,999,0.007,39.52,ANOMALY
1130,288.26,28.63,999,0.01,38.69,ANOMALY
1131,288.56,28.37,999,0.011,37.82,ANOMALY
1132,288.34,28.51,999,0.009,38.2,ANOMALY
1133,289.37,28.38,999,0.008,39.33,ANOMALY
1134,288.58,28.39,999,0.008,37.7,ANOMALY
1135,289.3,28.28,999,0.023,38.57,ANOMALY
1136,288.68,28.75,999,0.006,38.4,ANOMALY
1137,288.65,28.71,999,0.007,38.71,ANOMALY
1138,288.58,28.61,999,0.026,37.83,ANOMALY
1139,288.62,28.89,999,0.012,37.02,ANOMALY
1140,289.46,28.46,999,0.003,39.42,ANOMALY
1141,287.43,29.11,999,0.014,39.9,ANOMALY
1142,287.58,28.45,999,0.005,37.17,ANOMALY
1143,288.3,28.55,999,0.015,39.36,ANOMALY
1144,288.57,28.42,999,0.009,40.11,ANOMALY
1145,288.9,28.57,999,0.008,39.65,ANOMALY
1146,288.78,28.67,999,0.018,38.67,ANOMALY
1147,288.34,28.48,999,0.013,38.17,ANOMALY
1148,289.03,28.86,999,0.015,39.23,ANOMALY
1149,289.03,28.55,999,0.012,39.43,ANOMALY
1150,288.6,28.55,999,0.008,39.3,ANOMALY
1151,288.98,28.32,999,0.013,39.06,ANOMALY
1152,288.62,28.58,999,0.016,38.19,ANOMALY
1153,288.19,28.47,999,0.011,39.72,ANOMALY
1154,288.81,28.38,999,0.019,39.8,ANOMALY
1155,288.51,28.34,999,0.014,39.56,ANOMALY
1156,288.44,29.03,999,0.011,39.5,ANOMALY
1157,289.17,28.45,999,0.011,41.1,ANOMALY
1158,287.2,28.21,999,0.011,38.83,ANOMALY
1159,287.71,28.36,999,0.004,40.76,ANOMALY
1160,287.81,28.49,999,0.01,38.78,ANOMALY
1161,288.21,28.61,999,0.011,40.65,ANOMALY
1162,288.26,28.61,999,0.008,40.81,ANOMALY
1163,287.62,28.64,999,0.012,39.31,ANOMALY
1164,287.87,28.37,999,0.01,41.29,ANOMALY
1165,287.92,28.57,999,0.014,40.13,ANOMALY
1166,289.57,28.32,999,0.013,38.82,ANOMALY
1167,289.24,28.38,999,0.011,39.35,ANOMALY
1168,288.12,28.32,999,0.003,40.89,ANOMALY
1169,288.13,28.26,999,0.019,40.71,ANOMALY
1170,287.73,28.71,999,0.009,38.76,ANOMALY
1171,287.34,28.64,999,0.01,39.71,ANOMALY
1172,288.23,28.7,999,0.008,40.08,ANOMALY
1173,287.78,28.51,999,0.008,39.4,ANOMALY
1174,288.22,28.66,999,0.018,42.29,ANOMALY
1175,287.45,28.15,999,0.017,40.2,ANOMALY
1176,287.86,28.67,999,0.012,39.93,ANOMALY
1177,288.31,28.54,999,0.009,41.22,ANOMALY
1178,288.41,28.63,999,0.013,39.69,ANOMALY
1179,288.42,28.58,999,0.01,41.1,ANOMALY
1180,287.54,28.3,999,0.009,38.45,ANOMALY
1181,288.62,28.2,999,0.012,39.69,ANOMALY
1182,287.78,28.36,999,0.008,41.23,ANOMALY
1183,288.49,28.61,999,0.011,41.78,ANOMALY
1184,288.16,28.64,999,0.011,39.47,ANOMALY
1185,287.47,28.23,999,0.013,39.38,ANOMALY
1186,287.99,28.3,999,0.007,40.87,ANOMALY
1187,288.32,28.36,999,0.014,39.71,ANOMALY
1188,288.43,28.43,999,0.005,40.09,ANOMALY
1189,288.04,28.23,999,0.007,41.27,ANOMALY
1190,288.87,28.22,999,0.007,39.88,ANOMALY
1191,288.6,28.34,999,0.005,38.49,ANOMALY
1192,287.96,28.52,999,0.015,39.18,ANOMALY
1193,288.45,28.26,999,0.005,40.52,ANOMALY
1194,289.03,28.48,999,0.007,38.68,ANOMALY
1195,289.03,28.71,999,0.016,40.28,ANOMALY
1196,287.43,28.24,999,0.007,39.21,ANOMALY
1197,287.57,28.46,999,0.009,42.27,ANOMALY
1198,288.77,28.7,999,0.005,42.83,ANOMALY
1199,287.48,28.42,999,0.014,39.64,ANOMALY
1200,287.34,28.39,999,0.014,40.98,ANOMALY
1201,287.75,28.73,999,0.014,39.79,ANOMALY
1202,288.19,28.44,999,0.013,40.48,ANOMALY
1203,287.92,28.72,999,0.01,42.62,ANOMALY
1204,287.64,28.59,999,0.007,40.38,ANOMALY
1205,287.62,28.43,999,0.006,40.59,ANOMALY
1206,287.59,28.6,999,0.016,39.96,ANOMALY
1207,287.49,28.56,999,0.014,42.08,ANOMALY
1208,289.06,28.7,999,0.007,37.7,ANOMALY
1209,288.06,28.39,999,0.01,40.56,ANOMALY
1210,288.35,28.51,999,0.008,40.98,ANOMALY
1211,287.65,28.49,999,0.004,40.4,ANOMALY
1212,287.79,28.64,999,0.011,41.95,ANOMALY
1213,287.52,28.29,999,0.008,42.32,ANOMALY
1214,286.54,28.7,999,0.005,39.74,ANOMALY
1215,287.16,28.59,999,0.003,43.27,ANOMALY
1216,286.94,28.24,999,0.002,39.79,ANOMALY
1217,286.71,28.74,999,0.008,42.53,ANOMALY
1218,287.23,28.95,999,0.01,41.42,ANOMALY
1219,288.48,28.7,999,0.006,40.8,ANOMALY
1220,287.78,28.79,999,0.013,40.92,ANOMALY
1221,288.44,28.52,999,0.01,41.33,ANOMALY
1222,287.99,28.17,999,0.013,41.6,ANOMALY
1223,288.17,28.13,999,0.009,40.5,ANOMALY
1224,287.31,28.55,999,0.006,41.22,ANOMALY
1225,288.02,28.38,999,0.011,40.71,ANOMALY
1226,288.11,28.32,999,0.004,40.3,ANOMALY
1227,287.45,28.49,999,0.013,40.73,ANOMALY
1228,288.0,28.62,999,0.005,40.42,ANOMALY
1229,288.0,28.21,999,0.015,41.18,ANOMALY
1230,287.43,28.41,999,0.008,42.07,ANOMALY
1231,287.13,28.8,999,0.015,41.79,ANOMALY
1232,287.09,28.28,999,0.004,43.67,ANOMALY
1233,287.72,28.67,999,0.007,39.52,ANOMALY
1234,287.83,28.4,999,0.012,42.23,ANOMALY
1235,287.26,28.61,999,0.016,41.79,ANOMALY
1236,287.66,28.72,999,0.018,42.63,ANOMALY
1237,287.92,28.65,999,0.01,42.56,ANOMALY
1238,287.93,28.68,999,0.019,41.71,ANOMALY
1239,288.39,28.27,999,0.009,42.08,ANOMALY
1240,288.24,28.72,999,0.015,41.19,ANOMALY
1241,287.09,28.33,999,0.005,42.58,ANOMALY
1242,288.43,28.55,999,0.012,40.12,ANOMALY
1243,287.31,28.55,999,0.002,42.81,ANOMALY
1244,288.09,28.6,999,0.004,42.04,ANOMALY
1245,287.59,28.57,999,0.012,41.6,ANOMALY
1246,287.34,28.33,999,0.003,41.89,ANOMALY
1247,286.63,28.23,999,0.012,41.99,ANOMALY
1248,287.44,28.67,999,0.015,43.48,ANOMALY
1249,286.73,28.54,999,0.007,45.45,ANOMALY
1250,287.99,28.73,999,0.005,43.46,ANOMALY
1251,288.25,28.49,999,0.008,41.71,ANOMALY
1252,287.09,28.22,999,0.005,42.93,ANOMALY
1253,287.62,28.69,999,0.009,43.01,ANOMALY
1254,287.1,28.43,999,0.011,41.44,ANOMALY
1255,287.14,28.57,999,0.008,41.13,ANOMALY
1256,287.83,28.37,999,0.018,42.36,ANOMALY
1257,287.41,28.83,999,0.006,43.26,ANOMALY
1258,288.29,28.32,999,0.017,40.87,ANOMALY
1259,287.17,28.43,999,0.005,41.79,ANOMALY
1260,287.9,28.52,999,0.01,43.12,ANOMALY
1261,287.44,28.28,999,0.016,42.62,ANOMALY
1262,287.78,28.57,999,0.016,44.02,ANOMALY
1263,287.15,28.82,999,0.008,41.23,ANOMALY
1264,287.34,28.4,999,0.013,45.02,ANOMALY
1265,287.3,28.58,999,0.012,41.16,ANOMALY
1266,286.93,27.95,999,0.007,40.7,ANOMALY
1267,287.66,28.49,999,0.013,42.7,ANOMALY
1268,287.65,28.44,999,0.019,41.65,ANOMALY
1269,287.61,28.34,999,0.012,42.78,ANOMALY
1270,288.07,28.72,999,0.013,42.78,ANOMALY
1271,288.02,28.43,999,0.013,42.68,ANOMALY
1272,287.1,28.46,999,0.003,42.07,ANOMALY
1273,287.46,28.42,999,0.012,43.37,ANOMALY
1274,286.95,28.12,999,0.005,42.65,ANOMALY
1275,287.27,28.27,999,0.007,44.1,ANOMALY
1276,286.94,28.69,999,0.021,42.85,ANOMALY
1277,288.04,28.08,999,0.009,42.1,ANOMALY
1278,287.41,28.35,999,0.006,41.4,ANOMALY
1279,287.1,28.42,999,0.016,42.95,ANOMALY
1280,287.8,28.85,999,0.005,41.88,ANOMALY
1281,286.11,28.65,999,0.008,41.83,ANOMALY
1282,286.18,28.39,999,0.016,43.74,ANOMALY
1283,287.57,28.76,999,0.01,41.47,ANOMALY
1284,287.19,28.35,999,0.002,44.69,ANOMALY
1285,287.28,28.7,999,0.013,43.46,ANOMALY
1286,286.48,28.23,999,0.008,43.29,ANOMALY
1287,287.12,28.71,999,0.018,42.33,ANOMALY
1288,288.13,28.42,999,0.007,44.16,ANOMALY
1289,287.53,28.29,999,0.015,43.42,ANOMALY
1290,287.19,28.46,999,0.019,42.77,ANOMALY
1291,286.87,28.56,999,0.006,43.69,ANOMALY
1292,286.89,28.4,999,0.009,41.83,ANOMALY
1293,286.01,28.61,999,0.012,41.91,ANOMALY
1294,287.19,28.38,999,0.006,42.46,ANOMALY
1295,287.48,28.62,999,0.011,43.96,ANOMALY
1296,286.26,28.59,999,0.009,43.63,ANOMALY
1297,286.7,28.49,999,0.009,44.72,ANOMALY
1298,286.44,28.41,999,0.01,42.78,ANOMALY
1299,286.53,28.53,999,0.01,44.3,ANOMALY
1300,287.03,28.61,999,0.011,43.65,ANOMALY
1301,285.95,28.91,999,0.007,42.85,ANOMALY
1302,287.29,28.69,999,0.007,44.21,ANOMALY
1303,287.35,28.7,999,0.009,43.78,ANOMALY
1304,286.84,29.12,999,0.01,43.25,ANOMALY
1305,285.71,28.6,999,0.008,43.95,ANOMALY
1306,286.45,28.6,999,0.012,43.81,ANOMALY
1307,287.55,28.64,999,0.001,43.82,ANOMALY
1308,285.53,28.3,999,0.006,43.59,ANOMALY
1309,286.74,28.41,999,0.009,42.73,ANOMALY
1310,286.31,28.4,999,0.006,44.14,ANOMALY
1311,287.3,28.63,999,0.018,43.29,ANOMALY
1312,286.55,28.47,999,0.01,43.1,ANOMALY
1313,287.08,28.53,999,0.011,43.91,ANOMALY
1314,287.15,28.72,999,0.008,44.92,ANOMALY
1315,287.77,28.67,999,0.01,44.4,ANOMALY
1316,286.74,28.47,999,0.004,43.71,ANOMALY
1317,287.02,28.37,999,0.009,43.7,ANOMALY
1318,286.08,28.73,999,0.005,44.94,ANOMALY
1319,287.41,28.65,999,0.009,41.94,ANOMALY
1320,286.42,28.18,999,0.003,45.16,ANOMALY
1321,286.51,28.44,999,0.004,42.52,ANOMALY
1322,286.77,28.53,999,0.017,43.01,ANOMALY
1323,285.99,28.66,999,0.014,43.94,ANOMALY
1324,286.88,28.68,999,0.017,46.66,ANOMALY
1325,287.24,28.56,999,0.017,46.2,ANOMALY
1326,286.89,28.62,999,0.013,45.25,ANOMALY
1327,285.94,28.51,999,0.008,44.94,ANOMALY
1328,286.66,28.37,999,0.005,42.75,ANOMALY
1329,287.08,28.45,999,0.016,44.8,ANOMALY
1330,285.76,28.5,999,0.01,44.12,ANOMALY
1331,286.16,28.49,999,0.022,43.88,ANOMALY
1332,287.12,28.12,999,0.008,44.89,ANOMALY
1333,286.81,28.42,999,0.02,44.29,ANOMALY
1334,286.87,28.51,999,0.009,45.66,ANOMALY
1335,287.58,28.44,999,0.017,42.89,ANOMALY
1336,286.88,28.45,999,0.018,44.93,ANOMALY
1337,286.96,28.6,999,0.005,44.0,ANOMALY
1338,287.98,28.28,999,0.008,44.5,ANOMALY
1339,286.51,28.17,999,0.005,45.25,ANOMALY
1340,286.2,28.43,999,0.004,43.86,ANOMALY
1341,286.81,28.65,999,0.013,45.17,ANOMALY
1342,286.8,28.84,999,0.009,44.82,ANOMALY
1343,286.31,28.66,999,0.01,44.4,ANOMALY
1344,286.05,28.21,999,0.013,44.62,ANOMALY
1345,287.71,28.45,999,0.001,44.97,ANOMALY
1346,286.71,28.55,999,0.016,44.39,ANOMALY
1347,286.17,28.54,999,0.008,45.19,ANOMALY
1348,286.98,28.61,999,0.013,44.94,ANOMALY
1349,286.46,28.32,999,0.013,44.63,ANOMALY
1350,286.38,28.51,999,0.017,46.87,ANOMALY
1351,286.77,28.58,999,0.009,45.72,ANOMALY
1352,285.84,28.67,999,0.001,44.95,ANOMALY
1353,286.65,28.34,999,0.01,45.51,ANOMALY
1354,287.42,28.43,999,0.011,44.37,ANOMALY
1355,286.69,27.96,999,0.005,44.99,ANOMALY
1356,286.26,28.38,999,0.011,45.14,ANOMALY
1357,286.18,28.4,999,0.008,44.24,ANOMALY
1358,286.22,28.3,999,0.003,45.91,ANOMALY
1359,286.29,28.53,999,0.013,45.04,ANOMALY
1360,286.21,28.49,999,0.007,45.22,ANOMALY
1361,286.85,28.05,999,0.008,45.04,ANOMALY
1362,285.52,28.54,999,0.008,48.6,ANOMALY
1363,286.8,28.31,999,0.016,45.01,ANOMALY
1364,286.17,28.6,999,0.01,43.63,ANOMALY
1365,286.54,28.24,999,0.01,44.13,ANOMALY
1366,285.78,28.51,999,0.008,46.52,ANOMALY
1367,287.0,28.44,999,0.012,47.13,ANOMALY
1368,286.95,28.56,999,0.017,45.14,ANOMALY
1369,286.79,28.52,999,0.013,47.13,ANOMALY
1370,285.55,28.45,999,0.013,46.62,ANOMALY
1371,286.71,28.19,999,0.013,45.72,ANOMALY
1372,286.49,28.2,999,0.003,45.68,ANOMALY
1373,285.47,28.38,999,0.006,46.16,ANOMALY
1374,286.25,28.5,999,0.009,46.88,ANOMALY
1375,286.44,28.38,999,0.006,46.43,ANOMALY
1376,286.52,28.63,999,0.005,45.39,ANOMALY
1377,286.32,28.44,999,0.001,45.92,ANOMALY
1378,286.37,28.31,999,0.003,48.11,ANOMALY
1379,286.95,28.44,999,0.009,46.41,ANOMALY
1380,286.82,28.55,999,0.01,47.06,ANOMALY
1381,284.76,28.56,999,0.006,46.76,ANOMALY
1382,286.02,28.88,999,0.01,46.52,ANOMALY
1383,286.09,28.37,999,0.008,46.39,ANOMALY
1384,285.29,28.49,999,0.015,47.21,ANOMALY
1385,286.2,28.59,999,0.009,47.06,ANOMALY
1386,286.77,28.5,999,0.013,46.63,ANOMALY
1387,285.59,28.4,999,0.011,45.71,ANOMALY
1388,286.29,28.19,999,0.003,46.82,ANOMALY
1389,285.66,28.4,999,0.01,46.39,ANOMALY
1390,285.77,28.29,999,0.004,46.18,ANOMALY
1391,286.83,28.15,999,0.009,49.2,ANOMALY
1392,285.81,28.34,999,0.006,45.01,ANOMALY
1393,286.3,28.29,999,0.012,47.54,ANOMALY
1394,285.13,28.62,999,0.003,45.75,ANOMALY
1395,286.98,28.62,999,0.01,46.77,ANOMALY
1396,286.34,28.32,999,0.013,49.24,ANOMALY
1397,285.94,28.45,999,0.015,45.74,ANOMALY
1398,286.31,28.13,999,0.006,46.01,ANOMALY
1399,285.31,28.4,999,0.01,46.75,ANOMALY
1400,286.59,28.58,999,0.011,45.95,ANOMALY
1401,285.83,28.66,999,0.018,47.71,ANOMALY
1402,285.88,28.36,999,0.003,46.32,ANOMALY
1403,285.73,28.71,999,0.005,47.54,ANOMALY
1404,285.67,28.2,999,0.024,45.59,ANOMALY
1405,286.3,28.25,999,0.009,45.14,ANOMALY
1406,286.07,28.64,999,0.001,46.75,ANOMALY
1407,286.26,28.83,999,0.007,45.44,ANOMALY
1408,285.92,28.6,999,0.004,48.55,ANOMALY
1409,286.17,28.49,999,0.011,45.54,ANOMALY
1410,285.69,28.06,999,0.014,46.06,ANOMALY
1411,287.01,28.1,999,0.005,47.54,ANOMALY
1412,285.1,28.53,999,0.008,46.57,ANOMALY
1413,286.5,28.43,999,0.015,45.67,ANOMALY
1414,286.55,28.28,999,0.001,49.26,ANOMALY
1415,285.43,28.51,999,0.003,46.25,ANOMALY
1416,286.96,28.52,999,0.009,47.08,ANOMALY
1417,286.33,28.69,999,0.006,47.1,ANOMALY
1418,286.31,28.53,999,0.009,48.05,ANOMALY
1419,285.83,28.75,999,0.004,47.83,ANOMALY
1420,285.69,28.5,999,0.011,46.57,ANOMALY
1421,285.69,28.48,999,0.009,47.11,ANOMALY
1422,285.98,28.71,999,0.013,47.23,ANOMALY
1423,286.47,28.3,999,0.011,48.24,ANOMALY
1424,285.85,29.06,999,0.011,46.35,ANOMALY
1425,285.3,28.58,999,0.003,49.57,ANOMALY
1426,286.16,28.58,999,0.012,46.82,ANOMALY
1427,286.19,28.61,999,0.008,47.6,ANOMALY
1428,286.05,28.88,999,0.009,46.48,ANOMALY
1429,286.09,28.66,999,0.015,46.38,ANOMALY
1430,285.57,28.18,999,0.006,46.83,ANOMALY
1431,285.23,28.78,999,0.017,46.76,ANOMALY
1432,285.25,28.43,999,0.017,47.35,ANOMALY
1433,284.86,28.52,999,0.014,46.82,ANOMALY
1434,285.78,28.24,999,0.005,48.52,ANOMALY
1435,285.61,28.61,999,0.001,47.07,ANOMALY
1436,285.42,28.37,999,0.015,46.99,ANOMALY
1437,284.16,28.52,999,0.011,47.52,ANOMALY
1438,285.0,28.44,999,0.006,48.94,ANOMALY
1439,286.17,28.89,999,0.016,48.19,ANOMALY
1440,285.27,28.9,999,0.006,47.91,ANOMALY
1441,285.77,28.51,999,0.008,46.6,ANOMALY
1442,284.89,28.51,999,0.013,46.93,ANOMALY
1443,286.29,28.43,999,0.004,46.82,ANOMALY
1444,285.49,28.72,999,0.009,49.44,ANOMALY
1445,285.7,28.43,999,0.015,48.69,ANOMALY
1446,286.71,28.42,999,0.011,47.33,ANOMALY
1447,286.29,28.7,999,0.016,47.66,ANOMALY
1448,285.37,28.39,999,0.016,47.42,ANOMALY
1449,285.22,28.49,999,0.01,47.39,ANOMALY
1450,285.34,28.18,999,0.002,48.77,ANOMALY
1451,285.75,28.64,999,0.004,48.05,ANOMALY
1452,285.43,28.89,999,0.014,50.45,ANOMALY
1453,285.28,28.64,999,0.002,49.65,ANOMALY
1454,286.2,28.79,999,0.008,49.74,ANOMALY
1455,285.4,28.33,999,0.012,49.13,ANOMALY
1456,286.59,28.55,999,0.017,48.07,ANOMALY
1457,285.48,28.31,999,0.007,49.12,ANOMALY
1458,286.32,28.45,999,0.007,48.2,ANOMALY
1459,285.59,28.65,999,0.01,50.21,ANOMALY
1460,285.88,28.52,999,0.012,49.02,ANOMALY
1461,285.03,28.22,999,0.009,48.91,ANOMALY
1462,284.96,28.24,999,0.015,48.8,ANOMALY
1463,285.6,28.22,999,0.006,50.45,ANOMALY
1464,285.86,28.6,999,0.011,47.3,ANOMALY
1465,285.37,28.91,999,0.012,50.6,ANOMALY
1466,284.7,28.77,999,0.008,48.61,ANOMALY
1467,284.65,28.12,999,0.014,47.42,ANOMALY
1468,284.61,28.78,999,0.011,48.1,ANOMALY
1469,284.43,28.69,999,0.014,47.24,ANOMALY
1470,285.36,28.19,999,0.011,49.57,ANOMALY
1471,285.86,28.44,999,0.012,47.91,ANOMALY
1472,285.28,28.72,999,0.007,49.15,ANOMALY
1473,284.14,28.61,999,0.007,50.14,ANOMALY
1474,285.17,28.24,999,0.016,48.37,ANOMALY
1475,285.17,28.62,999,0.013,48.8,ANOMALY
1476,286.29,28.07,999,0.005,47.8,ANOMALY
1477,284.5,28.46,999,0.011,48.74,ANOMALY
1478,285.03,28.73,999,0.002,51.73,ANOMALY
1479,286.07,28.5,999,0.007,49.97,ANOMALY
1480,285.43,28.4,999,0.015,48.96,ANOMALY
1481,285.47,28.68,999,0.009,48.64,ANOMALY
1482,285.24,28.69,999,0.011,49.24,ANOMALY
1483,285.34,28.76,999,0.005,49.44,ANOMALY
1484,285.55,28.67,999,0.008,48.92,ANOMALY
1485,284.75,28.72,999,0.012,49.9,ANOMALY
1486,285.58,28.65,999,0.012,48.45,ANOMALY
1487,284.45,28.55,999,0.015,48.48,ANOMALY
1488,285.29,28.52,999,0.009,49.83,ANOMALY
1489,285.2,28.45,999,0.009,48.33,ANOMALY
1490,284.79,28.26,999,0.003,50.25,ANOMALY
1491,285.08,28.31,999,0.009,49.54,ANOMALY
1492,284.77,28.44,999,0.004,47.76,ANOMALY
1493,284.54,28.55,999,0.001,49.73,ANOMALY
1494,284.89,28.79,999,0.005,47.96,ANOMALY
1495,284.5,28.49,999,0.018,50.37,ANOMALY
1496,285.2,28.7,999,0.009,49.46,ANOMALY
1497,284.46,28.72,999,0.011,51.59,ANOMALY
1498,285.38,28.45,999,0.007,50.84,ANOMALY
1499,284.42,28.62,999,0.001,48.74,ANOMALY
1500,284.72,28.45,999,0.015,47.81,ANOMALY
1501,284.68,28.76,999,0.001,49.1,ANOMALY
1502,285.65,28.63,999,0.007,48.67,ANOMALY
1503,285.14,28.26,999,0.01,51.74,ANOMALY
1504,284.86,28.53,999,0.011,49.94,ANOMALY
1505,285.2,28.83,999,0.006,50.91,ANOMALY
1506,283.89,28.46,999,0.001,49.73,ANOMALY
1507,284.91,28.59,999,0.006,49.86,ANOMALY
1508,285.92,28.61,999,0.006,50.04,ANOMALY
1509,284.98,28.29,999,0.006,51.21,ANOMALY
1510,284.94,28.6,999,0.015,50.44,ANOMALY
1511,285.17,28.22,999,0.004,49.1,ANOMALY
1512,285.33,28.37,999,0.012,51.81,ANOMALY
1513,283.87,28.72,999,0.011,49.93,ANOMALY
1514,284.02,28.57,999,0.015,49.8,ANOMALY
1515,284.96,28.44,999,0.009,47.45,ANOMALY
1516,284.48,28.59,999,0.014,50.95,ANOMALY
1517,285.49,28.49,999,0.009,50.44,ANOMALY
1518,284.66,28.5,999,0.012,50.47,ANOMALY
1519,283.85,28.63,999,0.002,50.0,ANOMALY
1520,284.17,28.35,999,0.003,49.86,ANOMALY
1521,283.42,28.51,999,0.012,50.1,ANOMALY
1522,284.67,28.44,999,0.012,50.96,ANOMALY
1523,284.68,28.18,999,0.012,51.17,ANOMALY
1524,284.55,28.32,999,0.007,50.33,ANOMALY
1525,285.29,28.81,999,0.017,51.54,ANOMALY
1526,285.34,28.58,999,0.008,50.54,ANOMALY
1527,284.65,28.24,999,0.012,50.14,ANOMALY
1528,283.66,28.19,999,0.013,50.88,ANOMALY
1529,285.02,28.48,999,0.019,49.35,ANOMALY
1530,284.98,28.81,999,0.008,50.97,ANOMALY
1531,284.85,28.46,999,0.007,49.23,ANOMALY
1532,285.17,28.76,999,0.003,49.77,ANOMALY
1533,284.09,28.57,999,0.018,48.81,ANOMALY
1534,285.67,28.59,999,0.012,50.68,ANOMALY
1535,284.17,28.23,999,0.012,52.5,ANOMALY
1536,285.02,28.69,999,0.026,50.8,ANOMALY
1537,283.79,28.43,999,0.012,51.59,ANOMALY
1538,284.16,28.67,999,0.003,53.33,ANOMALY
1539,285.37,28.34,999,0.009,51.42,ANOMALY
1540,284.47,28.54,999,0.005,50.28,ANOMALY
1541,285.01,28.57,999,0.008,50.44,ANOMALY
1542,284.7,28.47,999,0.008,51.1,ANOMALY
1543,284.52,28.58,999,0.007,50.5,ANOMALY
1544,285.24,28.45,999,0.003,50.61,ANOMALY
1545,284.43,28.37,999,0.018,52.18,ANOMALY
1546,283.65,28.82,999,0.011,52.25,ANOMALY
1547,284.13,28.71,999,0.009,49.61,ANOMALY
1548,284.8,28.35,999,0.014,50.47,ANOMALY
1549,284.71,28.61,999,0.012,50.85,ANOMALY
1550,283.72,28.35,999,0.011,51.94,ANOMALY
1551,284.13,28.26,999,0.013,52.52,ANOMALY
1552,284.19,28.71,999,0.011,54.11,ANOMALY
1553,284.29,28.16,999,0.013,50.97,ANOMALY
1554,283.77,28.69,999,0.014,51.05,ANOMALY
1555,284.14,28.45,999,0.011,52.09,ANOMALY
1556,284.08,28.46,999,0.009,50.85,ANOMALY
1557,284.82,28.58,999,0.018,51.42,ANOMALY
1558,284.83,28.62,999,0.008,51.17,ANOMALY
1559,284.34,28.33,999,0.012,49.0,ANOMALY
1560,284.21,28.64,999,0.012,51.77,ANOMALY
1561,284.46,28.52,999,0.007,51.5,ANOMALY
1562,283.97,28.25,999,0.006,52.98,ANOMALY
1563,283.8,28.47,999,0.008,51.75,ANOMALY
1564,283.89,28.78,999,0.008,50.52,ANOMALY
1565,284.03,28.84,999,0.003,51.54,ANOMALY
1566,283.76,28.64,999,0.007,49.74,ANOMALY
1567,284.41,28.26,999,0.011,50.65,ANOMALY
1568,284.69,28.6,999,0.016,52.53,ANOMALY
1569,283.52,28.67,999,0.013,51.67,ANOMALY
1570,284.31,28.65,999,0.003,52.87,ANOMALY
1571,284.18,28.66,999,0.013,50.02,ANOMALY
1572,284.45,28.57,999,0.007,51.77,ANOMALY
1573,284.27,28.49,999,0.012,51.57,ANOMALY
1574,283.54,28.38,999,0.01,53.03,ANOMALY
1575,283.62,28.12,999,0.009,52.78,ANOMALY
1576,284.26,28.57,999,0.009,52.78,ANOMALY
1577,284.75,28.54,999,0.01,53.71,ANOMALY
1578,283.12,28.61,999,0.017,51.83,ANOMALY
1579,284.38,28.23,999,0.01,53.56,ANOMALY
1580,284.8,28.63,999,0.015,51.21,ANOMALY
1581,284.12,28.91,999,0.015,51.21,ANOMALY
1582,284.46,28.52,999,0.013,53.07,ANOMALY
1583,283.82,28.49,999,0.001,50.84,ANOMALY
1584,284.1,28.56,999,0.016,52.95,ANOMALY
1585,283.34,28.91,999,0.008,52.51,ANOMALY
1586,282.97,28.3,999,0.014,53.51,ANOMALY
1587,284.6,28.54,999,0.005,52.41,ANOMALY
1588,283.63,28.34,999,0.004,52.55,ANOMALY
1589,283.88,28.39,999,0.02,53.04,ANOMALY
1590,283.41,28.49,999,0.005,51.9,ANOMALY
1591,283.39,28.77,999,0.016,51.88,ANOMALY
1592,284.0,28.86,999,0.011,53.09,ANOMALY
1593,283.71,28.59,999,0.008,52.62,ANOMALY
1594,284.25,28.42,999,0.01,52.27,ANOMALY
1595,284.28,29.0,999,0.003,52.63,ANOMALY
1596,284.2,28.41,999,0.01,54.34,ANOMALY
1597,284.15,28.39,999,0.005,52.33,ANOMALY
1598,284.81,28.15,999,0.008,52.33,ANOMALY
1599,283.48,28.78,999,0.015,51.12,ANOMALY
1600,283.97,28.69,999,0.011,52.82,ANOMALY
1601,284.56,28.98,999,0.003,53.55,ANOMALY
1602,284.61,28.22,999,0.014,53.76,ANOMALY
1603,283.26,28.79,999,0.01,53.06,ANOMALY
1604,283.81,28.51,999,0.007,53.94,ANOMALY
1605,284.63,28.66,999,0.014,53.75,ANOMALY
1606,284.2,28.17,999,0.009,54.16,ANOMALY
1607,284.03,28.79,999,0.004,54.06,ANOMALY
1608,283.81,28.66,999,0.019,54.68,ANOMALY
1609,283.72,28.49,999,0.01,52.97,ANOMALY
1610,284.05,28.63,999,0.01,51.84,ANOMALY
1611,283.77,28.35,999,0.008,53.86,ANOMALY
1612,283.86,28.38,999,0.016,54.01,ANOMALY
1613,283.91,28.41,999,0.007,54.83,ANOMALY
1614,283.52,28.13,999,0.002,54.57,ANOMALY
1615,284.12,28.67,999,0.007,55.26,ANOMALY
1616,285.3,28.74,999,0.017,53.97,ANOMALY
1617,282.94,28.36,999,0.014,53.61,ANOMALY
1618,283.98,28.57,999,0.009,52.02,ANOMALY
1619,283.43,28.45,999,0.017,53.75,ANOMALY
1620,284.09,28.57,999,0.014,52.92,ANOMALY
1621,283.82,28.37,999,0.009,53.71,ANOMALY
1622,284.16,28.32,999,0.009,53.58,ANOMALY
1623,284.36,28.71,999,0.012,54.03,ANOMALY
1624,283.86,28.49,999,0.006,53.49,ANOMALY
1625,284.32,28.9,999,0.01,54.56,ANOMALY
1626,282.57,28.51,999,0.012,50.93,ANOMALY
1627,284.53,28.31,999,0.002,53.87,ANOMALY
1628,283.91,28.75,999,0.009,54.91,ANOMALY
1629,284.25,28.63,999,0.008,55.61,ANOMALY
1630,283.09,28.65,999,0.015,54.5,ANOMALY
1631,283.28,28.74,999,0.001,55.49,ANOMALY
1632,283.75,28.37,999,0.008,54.0,ANOMALY
1633,283.66,28.47,999,0.008,53.87,ANOMALY
1634,283.8,28.47,999,0.015,54.42,ANOMALY
1635,284.19,28.24,999,0.01,53.92,ANOMALY
1636,282.76,28.45,999,0.019,53.17,ANOMALY
1637,284.12,28.77,999,0.013,53.47,ANOMALY
1638,283.63,28.55,999,0.008,52.9,ANOMALY
1639,283.51,28.23,999,0.011,54.57,ANOMALY
1640,282.87,28.19,999,0.008,54.09,ANOMALY
1641,283.84,28.83,999,0.014,53.75,ANOMALY
1642,282.37,28.48,999,0.003,53.57,ANOMALY
1643,283.9,28.37,999,0.006,54.67,ANOMALY
1644,282.82,28.45,999,0.012,54.98,ANOMALY
1645,283.58,28.2,999,0.016,53.1,ANOMALY
1646,283.48,28.78,999,0.001,52.97,ANOMALY
1647,284.12,28.42,999,0.017,55.24,ANOMALY
1648,283.43,28.77,999,0.009,52.94,ANOMALY
1649,283.16,28.51,999,0.001,54.9,ANOMALY
1650,283.25,28.79,999,0.005,56.0,ANOMALY
1651,284.13,28.55,999,0.002,56.03,ANOMALY
1652,283.75,28.67,999,0.01,55.18,ANOMALY
1653,283.28,28.64,999,0.01,55.18,ANOMALY
1654,283.34,28.62,999,0.013,56.75,ANOMALY
1655,282.67,28.57,999,0.007,52.2,ANOMALY
1656,283.64,28.45,999,0.004,54.1,ANOMALY
1657,282.55,28.88,999,0.008,55.44,ANOMALY
1658,283.8,28.32,999,0.01,54.29,ANOMALY
1659,283.48,28.5,999,0.011,55.89,ANOMALY
1660,284.6,28.5,999,0.006,54.64,ANOMALY
1661,282.84,28.58,999,0.015,54.85,ANOMALY
1662,283.33,28.41,999,0.007,54.47,ANOMALY
1663,284.27,28.56,999,0.006,54.25,ANOMALY
1664,283.96,28.47,999,0.007,54.26,ANOMALY
1665,283.0,28.18,999,0.015,55.11,ANOMALY
1666,283.45,28.5,999,0.009,54.09,ANOMALY
1667,283.33,28.28,999,0.007,55.85,ANOMALY
1668,283.46,28.15,999,0.015,55.58,ANOMALY
1669,282.96,28.53,999,0.021,56.06,ANOMALY
1670,283.26,28.6,999,0.011,53.86,ANOMALY
1671,282.49,28.61,999,0.016,53.32,ANOMALY
1672,283.35,28.61,999,0.015,55.04,ANOMALY
1673,283.5,28.11,999,0.007,57.98,ANOMALY
1674,283.15,28.23,999,0.01,56.37,ANOMALY
1675,282.44,28.89,999,0.004,54.58,ANOMALY
1676,283.74,28.29,999,0.009,55.59,ANOMALY
1677,283.41,28.62,999,0.007,55.93,ANOMALY
1678,282.86,28.36,999,0.008,53.86,ANOMALY
1679,283.07,28.52,999,0.006,56.63,ANOMALY
1680,282.45,28.37,999,0.009,55.12,ANOMALY
1681,282.68,28.61,999,0.013,55.23,ANOMALY
1682,282.91,28.53,999,0.009,55.37,ANOMALY
1683,283.79,28.41,999,0.001,56.53,ANOMALY
1684,282.84,28.29,999,0.006,54.66,ANOMALY
1685,283.47,28.55,999,0.002,53.73,ANOMALY
1686,282.87,28.26,999,0.011,55.79,ANOMALY
1687,283.26,28.59,999,0.013,53.46,ANOMALY
1688,283.05,29.03,999,0.011,55.23,ANOMALY
1689,283.55,28.77,999,0.006,56.75,ANOMALY
1690,282.83,28.64,999,0.011,56.17,ANOMALY
1691,282.31,28.48,999,0.008,56.67,ANOMALY
1692,282.39,28.11,999,0.004,56.27,ANOMALY
1693,282.81,28.24,999,0.014,58.09,ANOMALY
1694,282.44,28.76,999,0.014,55.13,ANOMALY
1695,283.26,28.34,999,0.015,56.14,ANOMALY
1696,282.81,28.36,999,0.007,55.34,ANOMALY
1697,284.22,28.47,999,0.016,56.76,ANOMALY
1698,282.15,28.29,999,0.008,55.77,ANOMALY
1699,283.11,28.25,999,0.013,57.59,ANOMALY
1700,282.44,28.49,999,0.007,55.37,ANOMALY
1701,282.74,28.32,999,0.009,57.33,ANOMALY
1702,283.05,28.35,999,0.002,56.55,ANOMALY
1703,281.81,28.34,999,0.008,55.96,ANOMALY
1704,283.08,28.6,999,0.01,56.56,ANOMALY
1705,283.9,28.45,999,0.008,56.31,ANOMALY
1706,282.71,28.46,999,0.019,56.43,ANOMALY
1707,283.06,28.62,999,0.004,55.9,ANOMALY
1708,283.43,28.47,999,0.007,55.44,ANOMALY
1709,282.83,28.44,999,0.005,55.83,ANOMALY
1710,282.61,28.59,999,0.007,54.52,ANOMALY
1711,281.75,28.63,999,0.015,57.07,ANOMALY
1712,283.2,28.47,999,0.017,55.03,ANOMALY
1713,282.81,28.52,999,0.006,56.07,ANOMALY
1714,282.36,28.34,999,0.006,56.97,ANOMALY
1715,282.91,28.33,999,0.004,57.19,ANOMALY
1716,282.55,28.65,999,0.017,54.61,ANOMALY
1717,282.57,28.59,999,0.016,56.32,ANOMALY
1718,283.12,28.59,999,0.009,56.9,ANOMALY
1719,282.14,28.56,999,0.003,56.53,ANOMALY
1720,283.33,28.51,999,0.003,57.85,ANOMALY
1721,282.09,28.64,999,0.011,55.71,ANOMALY
1722,282.45,28.69,999,0.013,54.52,ANOMALY
1723,283.73,28.68,999,0.0,57.41,ANOMALY
1724,283.33,28.48,999,0.008,56.09,ANOMALY
1725,282.8,28.78,999,0.018,54.9,ANOMALY
1726,282.27,28.55,999,0.009,56.53,ANOMALY
1727,282.47,28.63,999,0.017,57.95,ANOMALY
1728,282.76,28.56,999,0.013,55.48,ANOMALY
1729,282.73,28.55,999,0.005,59.11,ANOMALY
1730,282.66,28.35,999,0.009,55.97,ANOMALY
1731,282.68,28.64,999,0.009,56.92,ANOMALY
1732,282.57,29.07,999,0.005,55.65,ANOMALY
1733,281.95,28.43,999,0.005,56.94,ANOMALY
1734,282.4,28.51,999,0.018,56.79,ANOMALY
1735,283.11,28.41,999,0.005,55.47,ANOMALY
1736,281.96,28.4,999,0.015,59.82,ANOMALY
1737,282.54,28.81,999,0.008,56.52,ANOMALY
1738,282.21,28.37,999,0.01,56.56,ANOMALY
1739,282.67,28.41,999,0.013,58.05,ANOMALY
1740,282.41,28.18,999,0.007,58.92,ANOMALY
1741,283.33,28.35,999,0.013,58.27,ANOMALY
1742,282.83,28.16,999,0.0,55.97,ANOMALY
1743,281.92,28.63,999,0.012,57.42,ANOMALY
1744,282.9,29.06,999,0.002,55.35,ANOMALY
1745,282.16,28.43,999,0.009,58.16,ANOMALY
1746,282.25,28.17,999,0.014,55.66,ANOMALY
1747,282.69,28.68,999,0.013,56.52,ANOMALY
1748,282.28,28.35,999,0.004,57.35,ANOMALY
1749,282.96,28.76,999,0.004,57.83,ANOMALY
1750,282.11,28.44,999,0.007,57.15,ANOMALY
1751,282.18,28.37,999,0.011,58.96,ANOMALY
1752,282.15,28.46,999,0.0,58.2,ANOMALY
1753,282.19,28.65,999,0.01,58.15,ANOMALY
1754,283.01,28.45,999,0.012,56.31,ANOMALY
1755,282.77,28.4,999,0.009,59.27,ANOMALY
1756,283.3,28.46,999,0.013,56.79,ANOMALY
1757,283.57,28.25,999,0.011,59.36,ANOMALY
1758,281.91,28.58,999,0.007,59.68,ANOMALY
1759,282.45,28.14,999,0.0,58.2,ANOMALY
1760,281.81,28.41,999,0.011,58.75,ANOMALY
1761,282.0,28.65,999,0.005,54.66,ANOMALY
1762,282.07,28.56,999,0.007,57.58,ANOMALY
1763,281.84,28.62,999,0.012,58.91,ANOMALY
1764,281.84,28.49,999,0.017,58.76,ANOMALY
1765,282.28,28.73,999,0.01,56.65,ANOMALY
1766,281.73,28.68,999,0.013,57.61,ANOMALY
1767,282.75,28.59,999,0.003,55.39,ANOMALY
1768,281.86,28.69,999,0.011,58.37,ANOMALY
1769,283.72,28.65,999,0.01,56.11,ANOMALY
1770,282.08,28.41,999,0.016,59.15,ANOMALY
1771,282.33,28.23,999,0.007,59.23,ANOMALY
1772,281.63,28.58,999,0.009,57.61,ANOMALY
1773,283.12,28.61,999,0.015,58.63,ANOMALY
1774,282.82,28.72,999,0.01,57.93,ANOMALY
1775,282.4,28.31,999,0.004,58.41,ANOMALY
1776,281.57,28.32,999,0.023,57.06,ANOMALY
1777,282.34,28.59,999,0.005,58.86,ANOMALY
1778,281.66,28.49,999,0.01,56.62,ANOMALY
1779,282.94,28.12,999,0.012,56.46,ANOMALY
1780,282.61,28.58,999,0.011,58.2,ANOMALY
1781,282.24,28.13,999,0.009,58.14,ANOMALY
1782,280.96,28.31,999,0.009,58.66,ANOMALY
1783,281.68,28.77,999,0.009,57.77,ANOMALY
1784,282.5,28.86,999,0.004,60.33,ANOMALY
1785,282.76,28.26,999,0.021,58.64,ANOMALY
1786,282.7,28.43,999,0.009,58.74,ANOMALY
1787,281.34,28.51,999,0.013,58.73,ANOMALY
1788,282.27,28.86,999,0.008,59.57,ANOMALY
1789,282.62,28.4,999,0.008,59.17,ANOMALY
1790,281.27,28.4,999,0.008,59.07,ANOMALY
1791,282.09,28.81,999,0.002,59.39,ANOMALY
1792,282.22,28.43,999,0.009,56.86,ANOMALY
1793,281.92,28.64,999,0.008,56.93,ANOMALY
1794,281.13,28.2,999,0.016,58.67,ANOMALY
1795,281.89,28.47,999,0.004,58.58,ANOMALY
1796,281.88,28.17,999,0.007,59.39,ANOMALY
1797,281.96,28.29,999,0.006,58.86,ANOMALY
1798,281.74,28.67,999,0.017,59.45,ANOMALY
1799,281.79,28.49,999,0.006,57.66,ANOMALY
1800,281.98,28.44,999,0.013,58.92,ANOMALY
1801,282.21,28.35,999,0.015,57.62,ANOMALY
1802,281.83,28.46,999,0.009,59.38,ANOMALY
1803,281.77,28.56,999,0.003,57.14,ANOMALY
1804,282.01,28.7,999,0.003,59.4,ANOMALY
1805,280.99,27.97,999,0.014,57.61,ANOMALY
1806,282.18,28.33,999,0.004,58.73,ANOMALY
1807,281.93,28.53,999,0.012,60.04,ANOMALY
1808,281.94,28.48,999,0.011,59.4,ANOMALY
1809,282.39,28.58,999,0.012,57.56,ANOMALY
1810,280.92,28.55,999,0.012,58.56,ANOMALY
1811,280.9,28.44,999,0.005,57.76,ANOMALY
1812,282.02,28.39,999,0.005,57.6,ANOMALY
1813,281.87,28.45,999,0.014,59.44,ANOMALY
1814,281.95,28.73,999,0.007,59.92,ANOMALY
1815,281.62,28.35,999,0.004,59.83,ANOMALY
1816,282.17,28.49,999,0.013,60.02,ANOMALY
1817,282.3,28.54,999,0.005,59.44,ANOMALY
1818,282.06,28.81,999,0.012,59.2,ANOMALY
1819,281.68,28.44,999,0.017,58.43,ANOMALY
1820,280.75,28.69,999,0.01,59.1,ANOMALY
1821,282.18,28.75,999,0.015,58.25,ANOMALY
1822,282.39,28.49,999,0.011,58.75,ANOMALY
1823,282.09,28.46,999,0.018,59.72,ANOMALY
1824,281.32,28.43,999,0.005,59.54,ANOMALY
1825,282.09,28.45,999,0.01,62.75,ANOMALY
1826,282.17,28.67,999,0.013,58.37,ANOMALY
1827,282.51,28.55,999,0.009,59.63,ANOMALY
1828,281.28,28.55,999,0.016,58.36,ANOMALY
1829,281.6,28.27,999,0.008,59.42,ANOMALY
1830,282.07,28.31,999,0.02,59.49,ANOMALY
1831,281.72,28.93,999,0.021,60.72,ANOMALY
1832,281.12,28.46,999,0.011,59.45,ANOMALY
1833,281.88,28.35,999,0.013,59.74,ANOMALY
1834,281.95,28.79,999,0.016,59.53,ANOMALY
1835,281.69,28.56,999,0.004,58.59,ANOMALY
1836,281.75,28.62,999,0.003,59.37,ANOMALY
1837,281.5,28.47,999,0.016,59.67,ANOMALY
1838,282.36,28.44,999,0.011,60.16,ANOMALY
1839,281.16,28.47,999,0.009,60.67,ANOMALY
1840,281.31,28.22,999,0.01,59.91,ANOMALY
1841,281.6,28.48,999,0.002,59.92,ANOMALY
1842,282.02,28.56,999,0.009,58.48,ANOMALY
1843,280.82,28.87,999,0.006,60.78,ANOMALY
1844,280.91,28.52,999,0.015,59.57,ANOMALY
1845,280.53,28.03,999,0.015,61.04,ANOMALY
1846,281.56,28.48,999,0.013,61.64,ANOMALY
1847,280.97,29.05,999,0.012,60.17,ANOMALY
1848,281.33,28.67,999,0.003,59.36,ANOMALY
1849,281.84,28.34,999,0.013,60.4,ANOMALY
1850,281.18,28.62,999,0.013,60.8,ANOMALY
1851,281.61,28.35,999,0.016,60.16,ANOMALY
1852,281.33,28.23,999,0.021,59.95,ANOMALY
1853,281.81,28.43,999,0.002,61.1,ANOMALY
1854,281.7,28.52,999,0.008,61.07,ANOMALY
1855,281.1,28.13,999,0.006,60.25,ANOMALY
1856,281.36,28.27,999,0.011,58.98,ANOMALY
1857,281.95,28.5,999,0.01,61.12,ANOMALY
1858,281.62,28.42,999,0.009,59.92,ANOMALY
1859,280.71,28.58,999,0.015,60.94,ANOMALY
1860,281.73,28.26,999,0.004,60.9,ANOMALY
1861,280.85,28.64,999,0.005,58.89,ANOMALY
1862,282.09,28.26,999,0.005,60.89,ANOMALY
1863,281.88,28.83,999,0.008,61.36,ANOMALY
1864,281.51,28.16,999,0.004,61.51,ANOMALY
1865,281.43,28.28,999,0.01,61.02,ANOMALY
1866,281.24,28.58,999,0.009,58.96,ANOMALY
1867,281.67,28.83,999,0.006,62.24,ANOMALY
1868,281.14,28.56,999,0.014,61.41,ANOMALY
1869,281.43,28.61,999,0.01,59.82,ANOMALY
1870,281.74,28.5,999,0.015,60.27,ANOMALY
1871,281.01,28.29,999,0.009,61.32,ANOMALY
1872,280.97,28.4,999,0.01,61.8,ANOMALY
1873,280.67,28.26,999,0.007,60.66,ANOMALY
1874,280.73,28.24,999,0.01,62.0,ANOMALY
1875,280.34,28.58,999,0.014,59.41,ANOMALY
1876,281.61,28.28,999,0.008,60.19,ANOMALY
1877,282.14,28.56,999,0.013,59.2,ANOMALY
1878,281.93,28.24,999,0.006,60.4,ANOMALY
1879,280.4,28.56,999,0.014,62.84,ANOMALY
1880,281.56,28.4,999,0.007,63.42,ANOMALY
1881,281.9,28.78,999,0.014,61.62,ANOMALY
1882,280.95,28.56,999,0.01,60.78,ANOMALY
1883,281.22,28.75,999,0.018,61.23,ANOMALY
1884,280.16,28.35,999,0.004,61.95,ANOMALY
1885,281.28,28.51,999,0.003,59.95,ANOMALY
1886,280.61,28.3,999,0.007,60.97,ANOMALY
1887,281.23,28.42,999,0.003,63.01,ANOMALY
1888,280.34,28.45,999,0.003,60.56,ANOMALY
1889,281.38,28.35,999,0.013,60.88,ANOMALY
1890,281.61,28.26,999,0.01,61.68,ANOMALY
1891,280.7,28.22,999,0.008,61.98,ANOMALY
1892,280.51,28.03,999,0.008,61.1,ANOMALY
1893,279.99,28.29,999,0.007,61.83,ANOMALY
1894,280.93,28.63,999,0.018,62.39,ANOMALY
1895,280.76,28.18,999,0.006,63.78,ANOMALY
1896,280.27,28.23,999,0.003,61.72,ANOMALY
1897,281.26,28.86,999,0.014,61.83,ANOMALY
1898,280.8,28.37,999,0.009,63.43,ANOMALY
1899,280.47,28.56,999,0.02,61.39,ANOMALY
1900,280.72,28.63,999,0.007,60.64,ANOMALY
1901,281.53,28.63,999,0.014,62.25,ANOMALY
1902,281.28,28.2,999,0.015,63.1,ANOMALY
1903,280.91,28.45,999,0.007,62.42,ANOMALY
1904,281.27,28.18,999,0.006,61.99,ANOMALY
1905,280.37,28.99,999,0.014,60.67,ANOMALY
1906,280.96,28.18,999,0.013,62.09,ANOMALY
1907,281.0,28.29,999,0.003,63.41,ANOMALY
1908,280.69,28.29,999,0.004,60.97,ANOMALY
1909,281.13,28.2,999,0.003,61.99,ANOMALY
1910,280.51,28.77,999,0.013,61.88,ANOMALY
1911,281.15,28.98,999,0.009,61.6,ANOMALY
1912,281.16,28.4,999,0.009,62.58,ANOMALY
1913,279.41,28.24,999,0.002,62.8,ANOMALY
1914,281.46,28.05,999,0.005,62.82,ANOMALY
1915,279.33,28.45,999,0.008,61.44,ANOMALY
1916,280.53,28.44,999,0.007,60.81,ANOMALY
1917,281.34,28.37,999,0.011,62.74,ANOMALY
1918,280.66,28.54,999,0.013,62.01,ANOMALY
1919,280.08,28.58,999,0.021,64.38,ANOMALY
1920,280.25,28.56,999,0.01,64.46,ANOMALY
1921,281.3,28.44,999,0.016,64.59,ANOMALY
1922,279.82,28.28,999,0.006,61.69,ANOMALY
1923,281.33,28.63,999,0.002,63.23,ANOMALY
1924,280.73,28.5,999,0.008,63.56,ANOMALY
1925,280.15,28.68,999,0.002,63.48,ANOMALY
1926,280.45,28.66,999,0.01,62.4,ANOMALY
1927,280.22,28.22,999,0.006,64.06,ANOMALY
1928,281.15,28.21,999,0.0,62.82,ANOMALY
1929,281.08,28.35,999,0.019,62.97,ANOMALY
1930,279.84,28.29,999,0.007,61.34,ANOMALY
1931,280.49,28.65,999,0.002,63.55,ANOMALY
1932,280.25,28.57,999,0.014,62.68,ANOMALY
1933,281.32,28.72,999,0.006,63.43,ANOMALY
1934,279.99,28.58,999,0.015,63.23,ANOMALY
1935,281.45,28.54,999,0.006,63.21,ANOMALY
1936,280.62,28.74,999,0.007,63.01,ANOMALY
1937,280.05,28.59,999,0.012,63.87,ANOMALY
1938,280.28,28.51,999,0.013,62.92,ANOMALY
1939,280.21,28.8,999,0.014,61.69,ANOMALY
1940,279.96,28.52,999,0.01,63.75,ANOMALY
1941,280.64,28.44,999,0.013,62.4,ANOMALY
1942,279.97,28.33,999,0.014,61.92,ANOMALY
1943,279.48,28.64,999,0.011,62.25,ANOMALY
1944,280.37,28.75,999,0.009,63.58,ANOMALY
1945,279.65,28.49,999,0.003,63.23,ANOMALY
1946,280.16,28.76,999,0.013,61.23,ANOMALY
1947,280.08,28.11,999,0.01,63.01,ANOMALY
1948,280.08,28.49,999,0.008,64.59,ANOMALY
1949,281.51,28.49,999,0.016,63.0,ANOMALY
1950,280.53,28.35,999,0.003,63.32,ANOMALY
1951,280.61,28.98,999,0.018,64.56,ANOMALY
1952,279.59,28.49,999,0.01,64.34,ANOMALY
1953,280.14,28.42,999,0.012,64.6,ANOMALY
1954,280.57,28.51,999,0.008,60.83,ANOMALY
1955,279.94,28.1,999,0.002,65.37,ANOMALY
1956,280.89,28.35,999,0.009,64.3,ANOMALY
1957,279.83,28.7,999,0.012,66.16,ANOMALY
1958,280.28,28.37,999,0.013,62.94,ANOMALY
1959,280.12,28.33,999,0.009,61.99,ANOMALY
1960,280.48,28.76,999,0.001,63.79,ANOMALY
1961,280.07,28.77,999,0.002,63.54,ANOMALY
1962,280.24,28.6,999,0.02,64.5,ANOMALY
1963,280.25,28.41,999,0.005,64.95,ANOMALY
1964,279.99,28.45,999,0.017,63.82,ANOMALY
1965,280.59,28.34,999,0.005,63.7,ANOMALY
1966,280.46,28.3,999,0.009,64.49,ANOMALY
1967,280.29,28.29,999,0.013,63.74,ANOMALY
1968,280.1,28.38,999,0.006,63.69,ANOMALY
1969,280.71,28.29,999,0.018,65.1,ANOMALY
1970,280.18,28.19,999,0.01,65.35,ANOMALY
1971,280.14,28.54,999,0.012,65.2,ANOMALY
1972,280.33,28.55,999,0.009,63.98,ANOMALY
1973,281.12,28.84,999,0.013,62.04,ANOMALY
1974,279.59,28.37,999,0.018,64.06,ANOMALY
1975,280.64,28.56,999,0.009,63.48,ANOMALY
1976,279.29,28.56,999,0.019,64.14,ANOMALY
1977,280.34,28.45,999,0.007,63.63,ANOMALY
1978,281.01,28.65,999,0.014,64.31,ANOMALY
1979,280.45,28.66,999,0.012,63.32,ANOMALY
1980,280.29,28.57,999,0.005,63.11,ANOMALY
1981,279.91,28.45,999,0.011,65.65,ANOMALY
1982,280.2,28.43,999,0.01,63.48,ANOMALY
1983,280.04,28.23,999,0.006,64.48,ANOMALY
1984,279.77,28.34,999,0.012,65.47,ANOMALY
1985,280.01,28.38,999,0.011,65.46,ANOMALY
1986,280.24,28.28,999,0.01,65.37,ANOMALY
1987,279.75,28.59,999,0.01,64.91,ANOMALY
1988,279.72,28.74,999,0.01,65.36,ANOMALY
1989,279.43,28.32,999,0.008,66.04,ANOMALY
1990,280.3,28.56,999,0.011,65.12,ANOMALY
1991,280.36,28.29,999,0.007,62.89,ANOMALY
1992,280.2,28.44,999,0.023,64.23,ANOMALY
1993,280.55,28.36,999,0.003,65.48,ANOMALY
1994,280.1,28.62,999,0.007,64.19,ANOMALY
1995,280.25,28.36,999,0.007,66.47,ANOMALY
1996,280.19,28.7,999,0.02,64.82,ANOMALY
1997,279.98,28.45,999,0.003,64.99,ANOMALY
1998,279.75,28.37,999,0.012,66.06,ANOMALY
1999,281.12,28.25,999,0.011,64.79,ANOMALY
2000,279.77,28.55,999,0.012,65.18,ANOMALY
